"","GPA_year1","GPA_year2","age","uni_first_choice","control","dad_HS_grad","dad_college_grad","english","female","finish_in_4_yrs","HS_GPA","grad_degree","first_sem_grade","live_home","last_min","mom_HS_grad","mom_college_grad","sfp_offer","sfp_signup","signup","ssp_offer","ssp_signup","work_plans"
"1",2.57999992370605,3.49000000953674,18,0,1,1,1,0,1,0,78.3000030517578,0,73,1,4,1,0,0,0,0,0,0,0
"2",3.54999995231628,2.96000003814697,17,0,0,1,1,1,1,0,84.3000030517578,0,77,1,4,1,1,1,1,1,0,0,0
"3",3.75,3.30999994277954,19,0,1,1,1,0,0,1,85.5,1,76,1,1,1,1,0,0,0,0,0,0
"4",2.36999988555908,2.61999988555908,18,0,1,1,1,0,1,1,76.5,1,72,1,2,1,1,0,0,0,0,0,0
"5",1.78999996185303,2.26999998092651,18,1,0,1,0,1,1,1,81.5,0,71,1,4,1,1,1,1,1,0,0,0
"6",2.10999989509583,2.4300000667572,18,0,0,1,0,1,0,1,85.5999984741211,1,65,1,2,1,0,1,1,1,0,0,0
"7",2.04999995231628,3.04999995231628,18,0,1,0,0,1,0,1,81.6999969482422,0,65.5,1,3,1,0,0,0,0,0,0,0
"8",3,3.41000008583069,18,0,1,1,1,1,1,1,84.1999969482422,1,75,1,5,1,0,0,0,0,0,0,0
"9",1.28999996185303,2.14000010490417,18,0,1,1,0,0,1,1,81.3000030517578,0,60,0,3,1,0,0,0,0,0,0,0
"10",2.25,2.70000004768372,18,0,0,1,1,0,0,1,82,1,63,1,3,1,0,0,0,1,1,1,0
"11",2.33999991416931,3.59999990463257,19,0,0,0,0,1,1,1,85.3000030517578,0,67,0,2,1,0,0,0,1,1,1,0
"12",1.24000000953674,0.589999973773956,19,1,1,1,0,1,0,1,75.5,1,55.5,0,3,1,1,0,0,0,0,0,0
"13",0.379999995231628,0.829999983310699,18,0,1,1,0,1,0,1,74.3000030517578,1,54,1,3,1,0,0,0,0,0,0,0
"14",1.98000001907349,1.62999999523163,18,0,1,1,0,1,1,1,73.6999969482422,0,71,0,3,1,1,0,0,0,0,0,0
"15",2.45000004768372,1.82000005245209,21,0,1,1,0,1,0,1,81.3000030517578,1,63,0,4,1,0,0,0,0,0,0,0
"16",1.5900000333786,0.660000026226044,19,0,1,1,0,1,0,1,73,1,68.5,1,1,1,0,0,0,0,0,0,0
"17",0.889999985694885,1.54999995231628,18,0,1,1,1,0,1,1,73.5,1,59,1,2,1,0,0,0,0,0,0,0
"18",2.72000002861023,2.77999997138977,17,0,0,0,0,1,0,1,84.5,1,75,0,3,0,0,1,1,1,0,0,0
"19",3.14000010490417,3.32999992370605,18,0,1,1,1,0,0,1,80,1,70.5,1,2,1,1,0,0,0,0,0,0
"20",2.71000003814697,2.66000008583069,18,0,1,1,0,1,0,1,78.1999969482422,0,75,0,3,1,0,0,0,0,0,0,0
"21",2.90000009536743,2.80999994277954,18,1,0,1,1,0,0,1,76.5,0,83,1,2,1,1,1,1,1,0,0,0
"22",0.910000026226044,1.76999998092651,18,1,0,0,0,1,0,1,72.3000030517578,0,52,1,2,1,1,1,1,1,0,0,0
"23",1.74000000953674,0.259999990463257,19,0,0,1,0,1,0,1,80.1999969482422,1,51,1,3,1,0,1,1,1,0,0,0
"24",3.05999994277954,3.16000008583069,19,0,0,1,0,1,1,1,84.8000030517578,0,76,0,3,1,0,1,1,1,0,0,0
"25",0.230000004172325,2.02999997138977,18,0,0,1,1,0,1,1,79.3000030517578,1,49.5,1,3,1,1,0,0,0,1,0,0
"26",2.58999991416931,3.10999989509583,18,0,1,1,0,1,1,1,86,0,73,0,3,1,0,0,0,0,0,0,0
"27",1.29999995231628,2,18,0,1,1,0,1,1,1,77,0,62,1,4,1,0,0,0,0,0,0,0
"28",2.71000003814697,2.50999999046326,18,1,1,0,0,1,0,1,84.8000030517578,1,76,0,2,1,1,0,0,0,0,0,0
"29",1.12000000476837,0.280000001192093,18,0,1,0,0,1,1,1,78.1999969482422,0,64,0,4,1,0,0,0,0,0,0,0
"30",1.58000004291534,2.28999996185303,18,0,0,1,1,0,0,1,79.3000030517578,1,66,1,1,1,1,1,1,1,0,0,0
"31",0.300000011920929,0.709999978542328,18,0,1,1,0,1,1,1,75,1,56,0,3,1,0,0,0,0,0,0,0
"32",1.63999998569489,2.45000004768372,18,0,1,1,1,1,0,1,87.3000030517578,1,72,1,1,1,1,0,0,0,0,0,0
"33",1.08000004291534,1.19000005722046,19,0,1,1,0,0,0,1,80.8000030517578,1,57,1,3,0,0,0,0,0,0,0,0
"34",1.39999997615814,2.98000001907349,18,0,1,1,1,1,1,1,84,1,59,1,3,1,1,0,0,0,0,0,0
"35",1.70000004768372,2.1800000667572,18,1,1,0,0,1,1,0,82.1999969482422,0,63.5,0,3,1,0,0,0,0,0,0,0
"36",1.62999999523163,2.32999992370605,18,1,1,1,1,1,1,1,76.3000030517578,1,61,1,2,1,1,0,0,0,0,0,0
"37",2.48000001907349,2.35999989509583,18,0,0,1,1,1,0,1,78,0,72.5,0,2,1,1,0,0,0,1,0,0
"38",2.38000011444092,1.76999998092651,19,0,1,1,1,1,0,1,82.1999969482422,1,61,1,4,1,1,0,0,0,0,0,0
"39",1.44000005722046,1.51999998092651,18,0,0,1,0,1,1,1,75.3000030517578,1,74,1,3,1,0,0,0,0,1,0,0
"40",1.27999997138977,2,18,0,1,1,0,0,1,1,77.1999969482422,1,58.5,1,3,1,0,0,0,0,0,0,0
"41",1.70000004768372,1.42999994754791,18,0,1,1,1,0,0,1,78.1999969482422,1,67,0,4,1,1,0,0,0,0,0,0
"42",3.08999991416931,2.40000009536743,18,0,1,1,1,0,0,1,85.8000030517578,0,78.5,1,3,1,1,0,0,0,0,0,0
"43",2.32999992370605,3.5699999332428,18,0,1,1,1,1,1,1,87,0,71,1,5,1,0,0,0,0,0,0,0
"44",2.59999990463257,2.9300000667572,19,0,1,0,0,1,0,1,79.8000030517578,1,78,1,4,0,0,0,0,0,0,0,0
"45",1.38999998569489,1.53999996185303,18,0,0,1,1,1,1,1,77.6999969482422,0,73,1,3,1,0,1,1,1,0,0,0
"46",1.5900000333786,2.29999995231628,18,0,1,1,1,1,0,1,75.8000030517578,0,67.5,0,4,1,1,0,0,0,0,0,0
"47",2.91000008583069,2.46000003814697,18,1,1,1,1,1,0,1,73.6999969482422,0,81.3333358764648,1,2,1,0,0,0,0,0,0,0
"48",2.11999988555908,2.9300000667572,19,1,0,1,0,1,0,1,76.8000030517578,0,60,1,4,1,0,1,0,0,0,0,0
"49",2.08999991416931,2.70000004768372,18,0,1,1,1,1,1,1,82.5,1,71,1,4,1,1,0,0,0,0,0,0
"50",3,2.20000004768372,19,0,1,1,1,1,0,1,79.1999969482422,1,74,1,3,1,0,0,0,0,0,0,0
"51",1.63999998569489,1.38999998569489,18,0,0,0,0,1,1,1,79.8000030517578,1,62.5,1,3,0,0,0,0,1,1,1,0
"52",2.6800000667572,2.67000007629395,18,0,1,1,0,1,1,0,77.8000030517578,0,78,1,3,0,0,0,0,0,0,0,0
"53",0,0.230000004172325,18,0,1,1,1,0,0,1,74.5,0,40,1,2,1,1,0,0,0,0,0,0
"54",1.19000005722046,0.829999983310699,18,1,0,1,1,1,0,1,85,0,60,1,2,1,1,1,1,1,0,0,0
"55",2.76999998092651,2.89000010490417,18,1,0,1,0,1,1,1,78.3000030517578,0,71.5,0,3,1,0,0,0,1,1,1,0
"56",3.23000001907349,2.59999990463257,18,0,1,1,1,1,0,1,84,1,77,1,5,1,1,0,0,0,0,0,0
"57",3.84999990463257,3.5699999332428,18,0,1,1,1,1,1,1,80.3000030517578,1,85,1,3,1,1,0,0,0,0,0,0
"58",2.07999992370605,2.40000009536743,18,0,1,0,0,1,1,0,78.3000030517578,0,60,0,2,0,0,0,0,0,0,0,0
"59",2.13000011444092,2.16000008583069,18,1,1,1,0,1,0,1,78,1,72,1,1,1,1,0,0,0,0,0,0
"60",1.22000002861023,2.53999996185303,18,0,0,1,1,1,1,1,85.3000030517578,1,56,1,3,1,1,1,1,1,0,0,0
"61",1.48000001907349,2.47000002861023,18,0,1,0,0,1,1,1,80.6999969482422,1,67,1,4,1,0,0,0,0,0,0,0
"62",3.15000009536743,3.74000000953674,18,0,1,1,1,1,0,1,80.3000030517578,1,68.5,1,1,1,0,0,0,0,0,0,0
"63",2.07999992370605,1.87999999523163,18,1,1,1,0,1,1,1,79.3000030517578,0,68.75,0,4,1,1,0,0,0,0,0,0
"64",2.58999991416931,2.27999997138977,18,0,1,1,0,1,1,1,83.8000030517578,1,74.5,1,4,1,0,0,0,0,0,0,0
"65",0.850000023841858,2.65000009536743,18,1,0,1,0,0,1,1,79.5,1,52,1,4,1,1,1,1,1,0,0,0
"66",1.17999994754791,0,18,1,1,1,0,0,1,1,78.5,0,52,0,2,0,0,0,0,0,0,0,0
"67",1.95000004768372,2.34999990463257,18,1,1,1,1,1,1,1,75.3000030517578,1,73,1,4,1,1,0,0,0,0,0,0
"68",2.85999989509583,2.83999991416931,18,0,1,1,1,1,1,1,82.3000030517578,1,77.5,1,5,1,1,0,0,0,0,0,0
"69",2.08999991416931,2.29999995231628,19,1,1,1,0,1,1,0,86.3000030517578,0,57,1,2,1,1,0,0,0,0,0,0
"70",3.27999997138977,2.61999988555908,19,1,1,1,1,1,0,1,84.3000030517578,1,78.8000030517578,1,4,1,0,0,0,0,0,0,0
"71",3.25,2.60999989509583,19,0,1,1,1,1,0,0,80.8000030517578,1,71.5,0,1,1,0,0,0,0,0,0,0
"72",1.1599999666214,1.5,20,0,1,1,1,0,1,1,82.3000030517578,0,63,1,2,1,0,0,0,0,0,0,0
"73",0.800000011920929,1.20000004768372,19,0,1,1,0,0,1,1,76.5,1,60,1,3,1,0,0,0,0,0,0,0
"74",2.50999999046326,2.54999995231628,18,0,1,1,1,0,1,1,83.1999969482422,1,80,1,3,1,0,0,0,0,0,0,0
"75",0.850000023841858,2,18,0,1,1,0,1,1,0,74,1,51,0,3,1,0,0,0,0,0,0,0
"76",2.4300000667572,1.75,18,0,0,1,1,1,0,1,85.8000030517578,1,80.5,0,4,1,1,1,1,1,0,0,0
"77",1.8400000333786,0.349999994039536,18,0,1,1,0,0,1,1,81.5,1,42,1,2,1,0,0,0,0,0,0,0
"78",1.04999995231628,1.01999998092651,19,0,0,1,1,1,0,1,75,1,66,1,3,0,0,1,1,1,0,0,0
"79",1.67999994754791,2.10999989509583,18,0,1,1,1,0,1,1,80.3000030517578,1,59.3333320617676,1,4,0,0,0,0,0,0,0,0
"80",2.45000004768372,3.22000002861023,18,1,0,1,0,1,0,0,75,0,63,0,2,0,0,1,1,1,0,0,0
"81",0.639999985694885,2.40000009536743,19,0,1,1,0,1,0,1,72,0,50,1,2,1,0,0,0,0,0,0,0
"82",2.96000003814697,2.6800000667572,19,1,0,1,0,1,1,0,78.6999969482422,1,72.5,1,3,1,0,1,0,0,0,0,0
"83",2.66000008583069,3.38000011444092,18,1,1,1,0,1,0,0,80.8000030517578,0,65,0,5,0,0,0,0,0,0,0,0
"84",1.67999994754791,0.819999992847443,19,0,0,1,0,1,1,1,75.3000030517578,1,58,1,3,1,0,0,0,0,1,0,0
"85",1.88999998569489,1.69000005722046,18,0,0,1,1,1,1,1,80,1,66,0,3,1,1,0,0,0,1,0,0
"86",3.25,2.46000003814697,18,1,0,0,0,1,1,1,83,0,71,1,3,1,0,1,1,1,0,0,0
"87",1.92999994754791,2.53999996185303,18,1,0,1,1,1,1,1,76.1999969482422,1,67,1,4,1,1,0,0,1,1,1,0
"88",0.469999998807907,0,19,0,1,1,1,0,0,1,77.6999969482422,1,57,1,1,1,0,0,0,0,0,0,0
"89",1.08000004291534,2.0699999332428,18,0,1,1,0,1,1,1,82.3000030517578,0,67,1,2,1,0,0,0,0,0,0,0
"90",1.10000002384186,1.76999998092651,19,0,0,1,1,0,0,1,84.6999969482422,1,55.5,0,1,1,1,0,0,0,1,0,0
"91",2.25999999046326,0.790000021457672,18,0,0,1,1,0,1,1,81.8000030517578,1,78,1,1,1,1,1,1,1,0,0,0
"92",1.04999995231628,2.78999996185303,18,0,0,1,1,1,1,1,84.5,1,71.5,1,3,1,0,1,1,1,0,0,0
"93",2.89000010490417,2.38000011444092,18,0,0,1,1,0,1,1,83.8000030517578,0,65.3333358764648,1,2,0,0,1,1,1,0,0,0
"94",3.42000007629395,2,18,0,1,1,0,0,1,1,83.6999969482422,1,78,0,2,1,0,0,0,0,0,0,0
"95",2.05999994277954,1.71000003814697,18,0,0,1,0,0,0,1,81,1,60,1,2,1,0,1,1,1,0,0,0
"96",1.20000004768372,2.59999990463257,18,0,0,0,0,1,0,1,83.5,0,68,1,3,0,0,1,1,1,0,0,0
"97",2.27999997138977,2.66000008583069,18,0,1,1,0,0,0,0,71.8000030517578,0,68,1,3,1,0,0,0,0,0,0,0
"98",3.23000001907349,3.73000001907349,18,0,1,1,1,1,0,0,75.3000030517578,0,76,1,3,1,0,0,0,0,0,0,0
"99",2.4300000667572,2.07999992370605,19,0,1,1,1,0,1,1,84,1,64,1,5,1,1,0,0,0,0,0,0
"100",2.13000011444092,3.36999988555908,18,0,1,1,1,0,1,1,83.6999969482422,1,57,1,3,1,1,0,0,0,0,0,0
"101",2.50999999046326,1.71000003814697,18,0,1,0,0,1,1,1,83.5,1,66.5,0,3,0,0,0,0,0,0,0,0
"102",1,1.74000000953674,18,1,0,1,1,0,1,1,83.3000030517578,0,63,1,4,1,0,1,1,1,0,0,0
"103",1.1599999666214,0.810000002384186,18,0,1,1,0,1,1,0,77.1999969482422,0,51,1,1,1,0,0,0,0,0,0,0
"104",1.46000003814697,1.9099999666214,18,0,1,1,0,1,1,1,81.3000030517578,1,61,0,3,1,0,0,0,0,0,0,0
"105",0.5,1.76999998092651,18,1,0,1,1,1,1,1,76,1,46,1,2,1,1,1,1,1,0,0,0
"106",2.8199999332428,2.25999999046326,18,1,1,1,1,1,0,1,87.1999969482422,1,74,1,4,1,1,0,0,0,0,0,0
"107",2.71000003814697,3.33999991416931,18,0,1,1,0,1,1,1,78,0,70,0,3,1,0,0,0,0,0,0,0
"108",3.42000007629395,3.57999992370605,18,0,1,0,0,1,1,1,87.3000030517578,0,85,1,5,0,0,0,0,0,0,0,0
"109",3.42000007629395,3.53999996185303,18,1,1,1,0,1,1,1,78.8000030517578,0,76.3333358764648,1,5,1,1,0,0,0,0,0,0
"110",2.64000010490417,2.69000005722046,18,0,1,1,1,0,0,1,75.5,1,68,1,2,1,1,0,0,0,0,0,0
"111",1.58000004291534,1.86000001430511,18,0,1,1,1,1,0,1,73.6999969482422,1,60.5,1,3,1,1,0,0,0,0,0,0
"112",1.96000003814697,1.92999994754791,18,0,1,0,0,0,0,1,80.5,0,80.5,1,2,0,0,0,0,0,0,0,0
"113",2.55999994277954,2.40000009536743,18,1,0,1,1,1,1,1,79.6999969482422,0,76.5,1,4,1,0,1,1,1,0,0,0
"114",1.67999994754791,1.97000002861023,17,1,1,1,1,0,0,1,78.8000030517578,1,66,1,1,1,0,0,0,0,0,0,0
"115",1.95000004768372,2.58999991416931,18,0,0,0,0,1,1,1,77.8000030517578,0,66,0,1,1,0,1,1,1,0,0,0
"116",1.3400000333786,1.87000000476837,18,0,1,1,1,1,0,0,76.1999969482422,1,60,1,3,1,1,0,0,0,0,0,0
"117",1.54999995231628,1.00999999046326,18,1,1,0,0,1,0,0,79.6999969482422,0,67,1,2,0,0,0,0,0,0,0,0
"118",1.52999997138977,2.6800000667572,22,0,1,0,0,0,1,0,81.5,1,51,0,3,0,0,0,0,0,0,0,0
"119",0.670000016689301,0.740000009536743,20,0,1,1,0,0,0,1,78.1999969482422,0,44,1,2,1,0,0,0,0,0,0,0
"120",1.53999996185303,3.25999999046326,18,0,1,1,0,1,1,1,83.6999969482422,1,54,1,2,1,0,0,0,0,0,0,0
"121",1.38999998569489,1.33000004291534,20,0,1,1,1,0,1,1,74.8000030517578,0,70,1,3,1,1,0,0,0,0,0,0
"122",1.48000001907349,1.42999994754791,18,0,1,0,0,0,1,0,78.8000030517578,0,59,1,4,1,1,0,0,0,0,0,0
"123",1.47000002861023,3.1800000667572,18,0,1,1,1,1,1,1,85.1999969482422,0,73,1,2,1,0,0,0,0,0,0,0
"124",1.33000004291534,2.33999991416931,18,0,0,0,0,0,1,0,83.8000030517578,0,54,1,2,0,0,1,1,1,0,0,0
"125",2.50999999046326,2.9300000667572,18,0,1,1,0,0,1,1,80.8000030517578,0,69,1,2,1,1,0,0,0,0,0,0
"126",1.94000005722046,2.97000002861023,18,0,0,1,0,1,1,0,86.8000030517578,0,62,1,1,1,0,1,1,1,0,0,0
"127",1.35000002384186,1,19,1,0,1,0,1,1,1,84.5,1,46,0,2,1,1,1,1,1,0,0,0
"128",3.16000008583069,2.96000003814697,18,0,0,1,0,1,1,1,84,0,79.6666641235352,0,4,1,0,1,1,1,0,0,0
"129",2.9300000667572,3.09999990463257,19,1,1,1,0,1,0,1,82.8000030517578,0,80,0,1,1,1,0,0,0,0,0,0
"130",1.66999995708466,2.5,18,0,1,1,1,1,1,1,75.6999969482422,0,67.6666641235352,0,3,1,1,0,0,0,0,0,0
"131",1.38999998569489,2.40000009536743,19,0,1,1,1,1,1,1,74.8000030517578,1,53.5,1,5,1,1,0,0,0,0,0,0
"132",1.87999999523163,2.32999992370605,18,1,0,1,1,0,0,1,74,0,68.5,1,4,1,1,1,1,1,0,0,0
"133",1.9099999666214,1.5,18,1,0,1,0,1,1,1,79.6999969482422,1,65,1,3,1,0,1,1,1,0,0,0
"134",2.48000001907349,2.44000005722046,18,1,1,1,0,1,1,1,77,1,80,0,3,1,0,0,0,0,0,0,0
"135",2.05999994277954,1.66999995708466,18,1,0,1,0,0,1,1,80.1999969482422,1,60.5,1,4,0,0,0,0,0,1,0,0
"136",0.230000004172325,0.400000005960464,19,0,0,1,0,0,1,0,75.1999969482422,1,49,1,3,0,0,1,1,1,0,0,0
"137",1.1599999666214,1.6599999666214,19,1,1,0,0,1,0,1,80.1999969482422,0,71,1,5,0,0,0,0,0,0,0,0
"138",2.6800000667572,2.42000007629395,18,0,1,1,0,1,1,1,81.3000030517578,0,70,0,1,1,0,0,0,0,0,0,0
"139",2.98000001907349,2.85999989509583,18,0,1,1,1,1,0,1,81,0,68,1,4,1,1,0,0,0,0,0,0
"140",2.21000003814697,1.67999994754791,18,0,0,1,0,1,0,1,78.1999969482422,1,66,1,2,1,0,1,1,1,0,0,0
"141",0.939999997615814,0.899999976158142,18,0,1,0,0,0,1,1,75.6999969482422,1,66,1,3,1,0,0,0,0,0,0,0
"142",3.45000004768372,3.05999994277954,18,0,1,1,1,1,1,1,80,1,84.5,1,3,1,1,0,0,0,0,0,0
"143",0.850000023841858,1.52999997138977,18,1,1,1,0,1,0,1,72.1999969482422,1,73,1,2,1,0,0,0,0,0,0,0
"144",3.48000001907349,3.0699999332428,18,0,1,1,0,1,0,1,85.6999969482422,1,75,1,3,1,0,0,0,0,0,0,0
"145",3.21000003814697,2.66000008583069,18,0,0,1,1,1,0,1,82.5,0,82.5,0,2,1,0,1,1,1,0,0,0
"146",3.17000007629395,3.6800000667572,18,1,1,1,0,1,1,1,84.1999969482422,1,64,1,5,1,0,0,0,0,0,0,0
"147",2.33999991416931,2.79999995231628,18,1,1,0,0,1,0,1,83.1999969482422,1,70,1,4,1,0,0,0,0,0,0,0
"148",2.84999990463257,2.00999999046326,19,0,1,1,1,1,1,1,79,1,80,1,1,1,1,0,0,0,0,0,0
"149",1.80999994277954,3.20000004768372,18,1,0,1,1,1,0,1,83.3000030517578,0,59,1,3,1,1,0,0,0,1,0,0
"150",1.53999996185303,2.11999988555908,18,0,1,1,1,1,1,1,76.3000030517578,1,69,1,2,1,1,0,0,0,0,0,0
"151",1.11000001430511,1.79999995231628,18,0,1,1,0,1,1,1,81.3000030517578,1,56.5,1,1,1,1,0,0,0,0,0,0
"152",2.84999990463257,3.30999994277954,18,0,0,1,0,0,0,0,77.5,1,73,1,5,1,0,0,0,0,1,0,0
"153",1.91999995708466,2.34999990463257,20,0,0,1,0,1,1,1,82.1999969482422,1,64.5,0,4,1,0,1,0,0,0,0,0
"154",1.87999999523163,2.27999997138977,18,0,0,1,1,1,1,1,81.3000030517578,1,71.6666641235352,0,2,1,0,1,1,1,0,0,0
"155",2.05999994277954,1.96000003814697,18,0,1,1,1,1,0,0,75.8000030517578,0,61,1,3,1,1,0,0,0,0,0,0
"156",1.25,1,18,1,1,1,0,1,0,0,77,1,60.6666679382324,1,3,1,1,0,0,0,0,0,0
"157",2.58999991416931,2.35999989509583,19,1,0,1,0,1,1,1,81.3000030517578,0,83,0,3,1,1,1,1,1,0,0,0
"158",2.14000010490417,2.09999990463257,19,1,0,1,1,0,0,1,75.5,0,80,0,4,0,0,1,0,0,0,0,0
"159",0.670000016689301,0.400000005960464,18,0,1,1,1,0,0,1,77.8000030517578,1,67,1,2,1,1,0,0,0,0,0,0
"160",2.04999995231628,2.9300000667572,18,0,1,1,1,1,0,1,86.1999969482422,1,74,1,2,1,1,0,0,0,0,0,0
"161",1.86000001430511,2,19,0,1,1,0,0,0,1,74.1999969482422,0,59.5,0,4,1,1,0,0,0,0,0,0
"162",3.27999997138977,3.49000000953674,18,1,0,1,0,1,0,1,81.8000030517578,0,77.5,1,4,1,1,0,0,1,1,1,0
"163",2.01999998092651,2.20000004768372,18,0,1,1,1,1,1,1,77.6999969482422,1,74,1,3,1,0,0,0,0,0,0,0
"164",3.85999989509583,4,18,0,0,0,0,1,0,1,86.3000030517578,1,77.5,1,5,0,0,0,0,0,1,0,0
"165",2.27999997138977,1.38999998569489,18,0,1,1,0,1,1,0,81,0,58.3333320617676,1,3,1,0,0,0,0,0,0,0
"166",1.73000001907349,2.60999989509583,18,0,1,1,1,1,0,1,76,1,68,1,4,1,0,0,0,0,0,0,0
"167",2.08999991416931,2.38000011444092,18,0,0,1,1,1,0,1,73.6999969482422,0,66,0,5,1,0,1,1,1,0,0,0
"168",2.40000009536743,2.94000005722046,18,0,0,1,0,1,1,1,83.8000030517578,1,78.6666641235352,1,3,1,0,0,0,1,1,1,0
"169",0.779999971389771,1.42999994754791,18,0,1,0,0,1,0,1,77.3000030517578,0,59.5,1,4,1,0,0,0,0,0,0,0
"170",2.25,2.6800000667572,18,0,0,1,0,1,1,1,75.6999969482422,1,68,0,4,1,0,1,1,1,0,0,0
"171",1.48000001907349,2.55999994277954,18,0,1,1,1,1,0,1,77.8000030517578,1,78,1,3,1,0,0,0,0,0,0,0
"172",1.51999998092651,2.05999994277954,18,0,0,1,1,0,1,1,85,1,60,1,5,1,0,1,1,1,0,0,0
"173",2.41000008583069,1.1599999666214,18,1,0,1,1,1,1,1,83.5,1,73,1,2,1,1,0,0,0,1,0,0
"174",2.70000004768372,2.69000005722046,18,0,1,0,0,1,1,1,84.3000030517578,1,68.3333358764648,1,3,0,0,0,0,0,0,0,0
"175",0.930000007152557,0.140000000596046,18,0,0,1,1,0,1,1,71.8000030517578,1,67,1,4,1,1,0,0,1,1,1,0
"176",1.3400000333786,0.600000023841858,18,0,1,1,0,1,0,1,76.8000030517578,0,61.5,1,3,1,0,0,0,0,0,0,0
"177",2.76999998092651,3.04999995231628,18,0,0,1,0,1,0,1,82.4000015258789,0,80.5,1,1,1,0,0,0,1,1,1,0
"178",3.05999994277954,2.95000004768372,19,0,1,1,0,1,0,1,78.3000030517578,0,75,1,1,1,0,0,0,0,0,0,0
"179",1.96000003814697,2.74000000953674,18,0,1,1,1,0,1,1,80.5,0,70,1,5,1,1,0,0,0,0,0,0
"180",2.09999990463257,1.76999998092651,18,0,1,1,0,1,1,1,75,1,66,1,3,1,0,0,0,0,0,0,0
"181",1.04999995231628,1.70000004768372,19,1,1,1,0,1,0,1,80,0,61.6666679382324,0,3,1,0,0,0,0,0,0,0
"182",1.42999994754791,1.75999999046326,18,0,1,1,0,1,1,1,72.3000030517578,0,70,1,3,1,0,0,0,0,0,0,0
"183",1.3400000333786,2.0699999332428,18,1,0,1,1,0,1,1,80.1999969482422,0,60,1,3,1,0,1,1,1,0,0,0
"184",1.85000002384186,0.519999980926514,18,0,1,1,0,1,1,1,81.1999969482422,1,67,0,4,1,0,0,0,0,0,0,0
"185",2.4300000667572,2.59999990463257,18,0,1,1,0,1,1,0,77.8000030517578,1,58.5,1,2,1,0,0,0,0,0,0,0
"186",2.5699999332428,3.41000008583069,18,0,1,0,0,1,0,0,82.6999969482422,0,61,1,1,1,0,0,0,0,0,0,0
"187",0.720000028610229,0.529999971389771,18,0,1,1,1,0,1,1,74,0,47,1,3,1,1,0,0,0,0,0,0
"188",0.959999978542328,0.759999990463257,18,0,1,1,1,1,0,1,76,1,61,1,4,1,0,0,0,0,0,0,0
"189",1.25999999046326,2.59999990463257,19,0,1,1,1,1,0,0,72.3000030517578,0,59.5,0,1,1,0,0,0,0,0,0,0
"190",0.899999976158142,1.67999994754791,18,0,1,1,1,0,1,1,68.6999969482422,0,50,1,5,0,0,0,0,0,0,0,0
"191",0.670000016689301,1.03999996185303,18,0,0,1,1,0,0,1,84.1999969482422,1,58,1,4,1,1,0,0,1,1,1,0
"192",1.97000002861023,1.91999995708466,18,1,1,1,1,1,0,0,77.1999969482422,1,52.5,1,4,1,0,0,0,0,0,0,0
"193",2.77999997138977,2.61999988555908,18,0,1,1,1,1,0,1,86.8000030517578,1,70,0,1,1,0,0,0,0,0,0,0
"194",2.88000011444092,2.5,18,0,0,1,1,0,1,1,87,1,78,1,3,1,1,1,1,1,0,0,0
"195",3.08999991416931,2.71000003814697,18,0,0,1,1,1,0,1,87.1999969482422,1,67,1,1,1,1,0,0,1,1,1,0
"196",3.0699999332428,3.49000000953674,18,0,0,0,0,1,0,1,79.8000030517578,1,79,1,4,0,0,0,0,1,1,1,0
"197",0,0,19,0,1,1,1,1,1,1,73.6999969482422,1,2,1,4,1,1,0,0,0,0,0,0
"198",2.36999988555908,2.19000005722046,18,0,0,1,0,1,1,1,80.8000030517578,1,68,1,4,1,0,0,0,1,1,1,0
"199",2.1800000667572,2,18,1,1,1,1,1,1,1,81,1,64,1,5,1,1,0,0,0,0,0,0
"200",2.80999994277954,3.75,18,0,0,0,0,1,1,1,85.8000030517578,0,85,1,1,0,0,1,1,1,0,0,0
"201",0.709999978542328,1.01999998092651,18,1,1,0,0,1,1,1,77.6999969482422,1,55,1,4,0,0,0,0,0,0,0,0
"202",2.40000009536743,2.21000003814697,19,0,1,1,1,0,1,0,85,1,74,0,5,1,1,0,0,0,0,0,0
"203",1.17999994754791,1.67999994754791,18,0,0,1,0,0,0,1,73.5,0,64.5,0,2,1,0,0,0,0,1,0,0
"204",1.79999995231628,3.74000000953674,19,0,1,0,0,0,0,0,77.5,0,80,0,4,0,0,0,0,0,0,0,0
"205",3.09999990463257,3.02999997138977,18,1,1,1,1,1,1,1,80.1999969482422,0,80,1,3,1,1,0,0,0,0,0,0
"206",3.22000002861023,1.86000001430511,18,0,1,1,1,0,1,1,81.3000030517578,0,77.5,1,2,1,0,0,0,0,0,0,0
"207",3,3,18,0,1,0,0,0,0,1,87.3000030517578,0,62,1,3,1,0,0,0,0,0,0,0
"208",0.509999990463257,1.88999998569489,18,0,1,1,1,1,0,1,74.6999969482422,0,41.5,0,1,1,1,0,0,0,0,0,0
"209",0.850000023841858,1.37999999523163,20,0,1,1,0,0,0,1,72.3000030517578,0,48,0,1,1,1,0,0,0,0,0,0
"210",2.41000008583069,3.10999989509583,18,0,0,1,1,1,1,1,76.3000030517578,1,59,1,1,1,1,1,1,1,0,0,0
"211",2.47000002861023,1.4099999666214,18,1,1,1,0,1,0,1,76,1,71.5,1,3,1,1,0,0,0,0,0,0
"212",1.86000001430511,0.870000004768372,18,0,1,1,1,1,0,1,72.6999969482422,1,65.3333358764648,1,1,1,0,0,0,0,0,0,0
"213",2.54999995231628,1.3400000333786,18,1,1,1,1,1,0,1,81.6999969482422,1,72,1,3,1,1,0,0,0,0,0,0
"214",1.87000000476837,1.73000001907349,18,0,1,1,0,1,1,1,80.3000030517578,0,74,1,4,1,0,0,0,0,0,0,0
"215",0.980000019073486,0.850000023841858,18,1,1,1,0,1,1,1,73.8000030517578,1,57.5,1,2,1,0,0,0,0,0,0,0
"216",2.00999999046326,2.42000007629395,19,0,1,1,1,0,1,1,81.5,1,55.6666679382324,1,2,1,1,0,0,0,0,0,0
"217",0.970000028610229,2.24000000953674,18,0,1,1,0,0,1,0,77.3000030517578,0,58,1,3,1,0,0,0,0,0,0,0
"218",2.21000003814697,1.67999994754791,19,0,1,1,1,1,1,1,79.8000030517578,1,68,1,5,1,1,0,0,0,0,0,0
"219",3.47000002861023,3.03999996185303,18,0,1,1,1,1,1,1,87.1999969482422,1,75,1,3,1,1,0,0,0,0,0,0
"220",2.79999995231628,3.10999989509583,18,0,0,1,1,0,1,1,85,1,83,1,2,1,0,1,1,1,0,0,0
"221",1.89999997615814,2.5699999332428,18,0,0,1,1,0,1,1,85.3000030517578,0,68.5,1,2,1,1,1,1,1,0,0,0
"222",2.11999988555908,3.00999999046326,18,0,0,1,0,1,1,1,73.8000030517578,0,78,0,3,1,0,1,0,0,0,0,0
"223",1.8400000333786,0,19,1,1,1,0,0,1,1,74.3000030517578,0,71,1,3,1,0,0,0,0,0,0,0
"224",2.59999990463257,2.55999994277954,18,0,0,1,1,1,1,1,82.5,0,63,1,3,1,1,0,0,0,1,0,0
"225",1.9099999666214,2.75,18,0,0,1,1,1,1,1,80.1999969482422,0,66,0,3,1,1,1,1,1,0,0,0
"226",0.280000001192093,2.24000000953674,18,0,0,0,0,1,1,1,85.1999969482422,1,53,1,4,1,0,0,0,1,1,1,0
"227",2.02999997138977,2.95000004768372,17,0,1,1,1,1,0,1,75.5,1,66.5,1,3,1,1,0,0,0,0,0,0
"228",1.10000002384186,0.349999994039536,18,0,0,1,0,0,1,1,83,0,56,1,3,1,1,0,0,1,1,1,0
"229",1.97000002861023,2.13000011444092,18,0,0,1,1,1,0,1,82.1999969482422,1,59,1,3,1,1,1,1,1,0,0,0
"230",3.74000000953674,3.5699999332428,18,0,0,1,1,1,0,1,84,1,70,1,4,0,0,0,0,1,1,1,0
"231",2.91000008583069,1.75999999046326,18,0,1,0,0,0,0,1,79.1999969482422,0,74,1,1,0,0,0,0,0,0,0,0
"232",3.3199999332428,3.25999999046326,18,0,1,1,0,1,0,1,84,1,73.3333358764648,1,1,1,0,0,0,0,0,0,0
"233",1.89999997615814,2.95000004768372,18,1,1,1,1,1,0,1,74.5,0,64.5,1,4,1,1,0,0,0,0,0,0
"234",2.98000001907349,3.19000005722046,19,0,1,1,1,1,0,1,76.3000030517578,1,75.25,1,3,1,1,0,0,0,0,0,0
"235",0.699999988079071,1.62999999523163,18,0,1,1,1,0,1,1,80.1999969482422,1,60,0,4,1,1,0,0,0,0,0,0
"236",2.4300000667572,2.09999990463257,19,0,1,1,1,1,1,1,71.5,1,70,1,3,1,0,0,0,0,0,0,0
"237",1.53999996185303,2.14000010490417,18,0,1,0,0,1,0,1,77.8000030517578,1,59,1,4,1,1,0,0,0,0,0,0
"238",1.85000002384186,1.46000003814697,18,1,1,1,1,1,0,1,75.3000030517578,0,66,1,1,1,1,0,0,0,0,0,0
"239",3.8199999332428,3.16000008583069,18,1,1,1,1,1,1,1,82.3000030517578,1,81.5,1,2,1,1,0,0,0,0,0,1
"240",0.810000002384186,1.5900000333786,19,0,1,0,0,1,1,1,83.5,1,67.5,1,3,1,0,0,0,0,0,0,1
"241",1.32000005245209,1.49000000953674,18,1,0,0,0,1,0,1,76.8000030517578,0,62,1,3,0,0,1,0,0,0,0,1
"242",1.38999998569489,1.49000000953674,18,1,1,1,0,0,1,1,78.6999969482422,1,52,1,4,1,1,0,0,0,0,0,1
"243",1.26999998092651,0,19,1,1,1,0,1,1,1,75,1,62,1,4,1,0,0,0,0,0,0,1
"244",2.58999991416931,2.30999994277954,18,1,1,0,0,1,1,1,85.3000030517578,1,77,1,1,1,0,0,0,0,0,0,1
"245",2.23000001907349,2.32999992370605,19,0,0,1,0,1,1,1,72.1999969482422,1,77.5,1,3,1,0,0,0,1,1,1,1
"246",1.46000003814697,1.37999999523163,18,0,1,1,0,0,1,1,73.8000030517578,1,60,1,2,1,0,0,0,0,0,0,1
"247",1.89999997615814,0,19,0,0,1,1,0,0,1,79.6999969482422,0,65,1,2,1,1,0,0,1,1,1,1
"248",1.5900000333786,2.13000011444092,18,0,1,0,0,0,1,1,72.3000030517578,1,60.5,1,2,0,0,0,0,0,0,0,1
"249",1.04999995231628,2.36999988555908,18,1,1,1,0,1,1,1,74.6999969482422,0,63.5,0,3,1,0,0,0,0,0,0,1
"250",0.990000009536743,2,19,0,1,0,0,0,0,0,80.5999984741211,1,57,0,3,0,0,0,0,0,0,0,1
"251",2.29999995231628,3.00999999046326,18,0,0,1,1,0,1,1,81.5,1,71.3333358764648,1,1,1,1,0,0,1,1,1,1
"252",2.07999992370605,1.48000001907349,17,0,1,1,1,1,0,0,81.3000030517578,1,61.25,1,3,1,0,0,0,0,0,0,1
"253",3.10999989509583,2.71000003814697,19,0,0,1,1,0,0,1,82,0,58,1,1,1,1,0,0,0,1,0,1
"254",0.25,0.280000001192093,18,0,0,1,1,0,1,1,72.5,1,45,0,3,1,1,0,0,0,1,0,1
"255",0.409999996423721,0,18,0,1,1,1,1,0,1,74.1999969482422,1,49,1,2,1,1,0,0,0,0,0,1
"256",1.60000002384186,2.36999988555908,18,0,1,1,1,1,1,1,83.6999969482422,1,60,0,2,1,1,0,0,0,0,0,1
"257",1.41999995708466,2.36999988555908,19,0,0,1,1,1,1,1,86.3000030517578,0,55.5,1,3,1,1,1,1,1,0,0,1
"258",1.39999997615814,2.03999996185303,18,0,1,0,0,0,0,1,76.8000030517578,1,73,1,2,0,0,0,0,0,0,0,1
"259",0.879999995231628,1.76999998092651,18,0,1,1,0,1,0,1,77.6999969482422,0,47.3333320617676,1,3,1,0,0,0,0,0,0,1
"260",1.5,2.17000007629395,18,0,0,1,1,1,1,1,72.6999969482422,1,59,1,2,1,1,0,0,0,1,0,1
"261",1.5900000333786,1.75,19,0,1,1,1,0,1,0,79.1999969482422,0,63.5,1,2,1,0,0,0,0,0,0,1
"262",1.74000000953674,2.73000001907349,18,0,0,0,0,1,1,1,84,1,67.5,1,2,1,0,0,0,1,1,1,1
"263",2.07999992370605,1.25999999046326,19,0,1,1,1,0,0,0,75.6999969482422,1,65,0,1,1,0,0,0,0,0,0,1
"264",2.01999998092651,2.65000009536743,19,0,0,1,1,1,1,0,76.6999969482422,1,69.5,1,3,1,1,1,1,1,0,0,1
"265",1.79999995231628,0.850000023841858,19,1,1,0,0,1,0,1,74,0,41,0,3,0,0,0,0,0,0,0,1
"266",2.41000008583069,3.13000011444092,18,0,0,1,1,0,1,1,82.8000030517578,1,66.3333358764648,0,4,1,0,0,0,1,1,1,1
"267",1.67999994754791,2.00999999046326,19,0,1,1,1,0,1,0,81.3000030517578,1,57,1,3,1,1,0,0,0,0,0,1
"268",2.38000011444092,2.35999989509583,18,1,1,1,1,1,0,0,75.5,1,68,1,1,1,1,0,0,0,0,0,1
"269",0.730000019073486,0.829999983310699,18,0,1,1,0,1,1,1,72,1,60,1,2,1,0,0,0,0,0,0,1
"270",2.54999995231628,2.52999997138977,18,0,0,1,0,1,0,1,78.5,1,69,1,2,1,1,0,0,0,1,0,1
"271",2,1.70000004768372,19,0,0,1,1,0,1,1,76.1999969482422,1,62,1,3,1,1,1,1,1,0,0,1
"272",2.23000001907349,2.15000009536743,18,0,1,0,0,0,0,1,68,1,64.5,1,4,0,0,0,0,0,0,0,1
"273",1.91999995708466,1.53999996185303,18,1,1,1,1,1,0,1,85.8000030517578,0,75,1,3,1,1,0,0,0,0,0,1
"274",2.90000009536743,3.52999997138977,18,0,1,1,0,0,1,0,77,1,68,1,2,1,0,0,0,0,0,0,1
"275",3.50999999046326,3.07999992370605,18,0,1,1,0,1,1,1,82.3000030517578,0,80,1,2,1,1,0,0,0,0,0,1
"276",0,0.340000003576279,18,0,1,1,1,1,1,1,76.6999969482422,1,39,1,3,1,1,0,0,0,0,0,1
"277",1.63999998569489,2.46000003814697,18,0,1,1,1,0,0,1,80.5,0,71,1,2,1,0,0,0,0,0,0,1
"278",2.5,0,18,0,1,1,0,1,0,1,81.6999969482422,0,67,1,4,1,0,0,0,0,0,0,1
"279",2.77999997138977,0.600000023841858,18,0,1,1,1,1,1,1,81.6999969482422,0,74,1,3,1,0,0,0,0,0,0,1
"280",1.30999994277954,1.50999999046326,18,1,1,1,0,1,0,1,82.3000030517578,0,64.5,1,4,1,1,0,0,0,0,0,1
"281",2.66000008583069,2.36999988555908,18,0,1,1,0,1,0,1,80.6999969482422,1,65,1,4,1,0,0,0,0,0,0,1
"282",3.21000003814697,3.14000010490417,18,0,0,1,1,0,1,1,86,0,72,1,3,1,0,0,0,0,1,0,1
"283",1.74000000953674,3.32999992370605,18,0,1,1,1,1,0,1,81.8000030517578,0,71,0,3,1,1,0,0,0,0,0,1
"284",2.67000007629395,2.11999988555908,20,0,1,1,1,0,0,1,82.1999969482422,1,59.5,1,3,1,1,0,0,0,0,0,1
"285",0,1.89999997615814,19,1,1,1,0,0,1,1,73.5,0,20.6666660308838,1,4,0,0,0,0,0,0,0,1
"286",1.70000004768372,1.48000001907349,19,0,1,1,1,1,1,1,79.5,1,68,1,2,1,1,0,0,0,0,0,1
"287",1.53999996185303,0.490000009536743,19,0,1,1,1,1,0,1,77,0,61.3333320617676,1,2,1,1,0,0,0,0,0,1
"288",2.24000000953674,1.64999997615814,18,0,1,1,0,0,1,1,81.5,0,67,1,2,1,0,0,0,0,0,0,1
"289",2.16000008583069,2.3199999332428,18,0,1,1,1,1,0,1,86.1999969482422,1,66.5,1,4,1,0,0,0,0,0,0,1
"290",2.04999995231628,1.67999994754791,17,1,0,1,0,0,1,1,80.3000030517578,0,64,1,5,1,0,1,1,1,0,0,1
"291",3.63000011444092,3.33999991416931,18,0,0,1,1,0,0,1,87.3000030517578,1,78,0,4,1,1,1,1,1,0,0,1
"292",1.08000004291534,2.32999992370605,18,0,1,1,1,1,1,1,82.3000030517578,0,63,1,4,1,0,0,0,0,0,0,1
"293",2.70000004768372,3.02999997138977,18,0,0,1,0,1,1,0,76.3000030517578,1,73.5,1,3,1,0,0,0,1,1,1,1
"294",0.959999978542328,0.970000028610229,19,0,1,1,0,1,1,1,80,0,58,0,4,1,0,0,0,0,0,0,1
"295",1.00999999046326,1.79999995231628,18,1,1,1,1,0,0,1,80.8000030517578,1,60,1,2,1,0,0,0,0,0,0,1
"296",1.96000003814697,2.13000011444092,18,0,0,1,0,1,1,1,72.8000030517578,1,69.6666641235352,1,2,1,0,1,0,0,0,0,1
"297",2.04999995231628,1.87999999523163,18,1,0,1,0,1,0,1,78.6999969482422,1,69,1,1,1,0,0,0,0,1,0,1
"298",0.930000007152557,0.430000007152557,19,0,0,1,1,1,0,1,76.5,1,72,1,4,1,1,0,0,0,1,0,1
"299",0.819999992847443,0,19,0,0,1,0,1,0,0,75.8000030517578,1,49.5,1,2,1,1,1,1,1,0,0,1
"300",2.27999997138977,1.05999994277954,18,0,1,1,1,0,0,1,79.6999969482422,1,71,1,2,1,1,0,0,0,0,0,1
"301",2.1800000667572,2.02999997138977,19,1,0,1,0,1,1,1,77.3000030517578,0,70,0,3,0,0,0,0,0,1,0,1
"302",1.79999995231628,2.47000002861023,18,0,0,1,1,1,0,1,75,1,63.5,1,2,1,0,0,0,1,1,1,1
"303",2.76999998092651,2.38000011444092,18,0,0,1,1,0,1,1,82.3000030517578,0,50,1,4,1,1,1,1,1,0,0,1
"304",1.35000002384186,2.11999988555908,18,0,0,0,0,1,1,1,81.3000030517578,1,70,1,2,0,0,1,1,1,0,0,1
"305",2.03999996185303,1.60000002384186,18,0,1,1,0,0,1,1,75.3000030517578,1,74,1,2,1,0,0,0,0,0,0,1
"306",2.74000000953674,2.50999999046326,18,1,0,1,0,1,1,0,83.3000030517578,1,76.5,1,3,1,0,0,0,0,1,0,1
"307",0,1.23000001907349,18,0,1,1,0,1,1,0,74.8000030517578,0,33.5,1,4,1,0,0,0,0,0,0,1
"308",1.62000000476837,1.71000003814697,18,0,0,1,0,1,1,1,76.5,0,65.5,1,2,1,0,0,0,1,1,1,1
"309",1.76999998092651,2.0699999332428,18,1,0,1,1,0,0,1,72.1999969482422,0,62,1,4,0,0,0,0,0,1,0,1
"310",1.87000000476837,1.30999994277954,19,0,1,1,0,1,0,0,74.1999969482422,0,57,1,3,1,0,0,0,0,0,0,1
"311",1.00999999046326,1.5,18,0,1,1,1,1,1,1,75.5,0,61.3333320617676,1,3,1,1,0,0,0,0,0,1
"312",1.88999998569489,2.50999999046326,18,0,0,1,0,0,1,0,82.5999984741211,1,49,0,3,1,0,1,1,1,0,0,1
"313",1.54999995231628,2.60999989509583,18,1,1,1,1,1,0,1,86.1999969482422,1,70.3333358764648,0,2,1,0,0,0,0,0,0,1
"314",0.159999996423721,0.310000002384186,18,0,0,1,1,1,1,1,77,1,24,1,2,1,1,0,0,1,1,1,1
"315",1.57000005245209,1.71000003814697,20,0,1,1,1,0,1,1,83.8000030517578,1,61.5,1,2,1,0,0,0,0,0,0,1
"316",0.670000016689301,1.79999995231628,19,0,1,1,1,0,0,0,76.1999969482422,0,63,1,2,1,1,0,0,0,0,0,1
"317",1.88999998569489,0,19,0,1,1,1,0,0,1,81.8000030517578,0,66,0,4,1,1,0,0,0,0,0,1
"318",3.09999990463257,3.20000004768372,17,0,1,1,1,1,1,1,84.1999969482422,0,75,1,3,1,1,0,0,0,0,0,1
"319",1.60000002384186,1.76999998092651,19,1,1,1,1,0,0,1,81.6999969482422,1,59,1,5,1,1,0,0,0,0,0,1
"320",2.50999999046326,2,18,1,1,1,1,1,1,1,87.1999969482422,1,53,0,1,1,1,0,0,0,0,0,1
"321",2.75,3.55999994277954,18,1,0,1,0,1,1,1,81.6999969482422,0,70,1,3,1,0,1,1,1,0,0,1
"322",1.60000002384186,0,18,1,1,1,0,0,1,1,87.3000030517578,1,70.5,1,2,1,1,0,0,0,0,0,1
"323",1.75999999046326,0.129999995231628,18,0,1,0,0,1,1,1,78.6999969482422,1,75,0,1,0,0,0,0,0,0,0,1
"324",2.52999997138977,3.16000008583069,18,0,1,0,0,0,1,0,82.4000015258789,1,68,0,3,0,0,0,0,0,0,0,1
"325",1.50999999046326,1.9099999666214,18,0,1,1,1,1,1,1,80.6999969482422,1,64,0,3,0,0,0,0,0,0,0,1
"326",0.759999990463257,1.5900000333786,18,0,0,0,0,1,1,1,75.6999969482422,1,58,1,1,0,0,0,0,1,1,1,1
"327",2.70000004768372,2.88000011444092,18,0,1,1,1,1,0,1,85.3000030517578,0,66.5,1,3,1,1,0,0,0,0,0,1
"328",1.21000003814697,1,18,0,1,1,1,1,0,1,74.6999969482422,0,58,1,1,1,0,0,0,0,0,0,1
"329",1.95000004768372,2.84999990463257,19,0,1,0,0,0,1,1,75.8000030517578,0,77.5,1,2,0,0,0,0,0,0,0,1
"330",1.0900000333786,2.6800000667572,18,0,0,1,1,1,0,1,83.6999969482422,0,70,1,3,1,1,0,0,1,1,1,1
"331",2.8199999332428,1.89999997615814,18,0,1,1,1,0,0,1,76.8000030517578,0,73.5,1,2,1,1,0,0,0,0,0,1
"332",1.78999996185303,2.13000011444092,18,0,1,0,0,1,1,1,77.6999969482422,0,69,1,2,0,0,0,0,0,0,0,1
"333",2.00999999046326,1.22000002861023,18,0,0,1,1,1,0,1,73.6999969482422,1,62,1,4,1,0,1,0,0,0,0,1
"334",1.37000000476837,1.1599999666214,18,0,0,1,1,1,0,0,71.6999969482422,1,62,0,3,1,0,0,0,1,1,1,1
"335",1.1599999666214,0.75,18,0,1,1,1,0,0,1,83.8000030517578,1,59.6666679382324,0,3,1,0,0,0,0,0,0,1
"336",1.98000001907349,2.75999999046326,17,0,0,1,1,0,0,1,83.3000030517578,0,70,0,2,1,1,1,1,1,0,0,1
"337",2,2.14000010490417,18,0,0,1,0,1,0,1,73.1999969482422,1,63,1,4,1,1,0,0,0,1,0,1
"338",1,1.42999994754791,18,0,1,1,0,1,0,1,83,1,67,1,3,1,0,0,0,0,0,0,1
"339",0.600000023841858,0.769999980926514,18,0,0,1,0,1,0,1,75.6999969482422,0,53,0,1,1,0,0,0,0,1,0,1
"340",1.10000002384186,0.610000014305115,18,0,0,0,0,1,0,1,72.8000030517578,1,57,1,2,0,0,1,1,1,0,0,1
"341",1.3400000333786,1.62999999523163,18,0,0,1,0,1,1,1,75,1,58,1,3,1,0,0,0,1,1,1,1
"342",3.25999999046326,3.16000008583069,18,1,0,1,1,1,1,0,80.5,0,74,1,3,1,1,1,1,1,0,0,1
"343",0.430000007152557,0.100000001490116,18,0,0,1,1,1,1,1,72.8000030517578,0,42,1,1,1,1,1,1,1,0,0,1
"344",2.10999989509583,1.99000000953674,19,0,1,1,1,0,1,1,79.6999969482422,0,71.5,1,3,1,1,0,0,0,0,0,1
"345",2.60999989509583,2.69000005722046,18,0,1,0,0,1,0,1,81.6999969482422,0,72.5,1,2,0,0,0,0,0,0,0,1
"346",1.79999995231628,2.38000011444092,18,1,1,1,0,1,1,1,76.5,0,53,0,3,1,1,0,0,0,0,0,1
"347",1.67999994754791,2.23000001907349,18,0,0,1,1,1,1,0,78.8000030517578,0,61,1,3,1,1,0,0,1,1,1,1
"348",1.71000003814697,2.11999988555908,18,1,0,1,1,1,1,1,84.5,1,58,1,3,1,0,1,1,1,0,0,1
"349",1.05999994277954,2.07999992370605,19,0,1,1,1,0,1,1,79.8000030517578,1,50,1,1,1,1,0,0,0,0,0,1
"350",1.83000004291534,2.04999995231628,18,1,1,1,1,0,1,1,78.8000030517578,1,50,1,4,1,0,0,0,0,0,0,1
"351",0.589999973773956,1.73000001907349,18,0,1,1,0,0,1,1,81.5,1,46,0,2,1,0,0,0,0,0,0,1
"352",1.21000003814697,2.1800000667572,19,0,0,1,1,0,0,1,80.5,1,61,1,3,1,1,1,1,1,0,0,1
"353",2.6800000667572,3.29999995231628,18,0,0,0,0,1,1,1,80.1999969482422,1,74.5,1,4,0,0,1,1,1,0,0,1
"354",1.70000004768372,3.13000011444092,18,0,0,1,0,1,0,1,75.8000030517578,1,71,1,3,1,0,1,1,1,0,0,1
"355",1.80999994277954,2.42000007629395,18,0,1,1,0,1,0,0,72.3000030517578,1,53,1,1,1,1,0,0,0,0,0,1
"356",2.14000010490417,1.97000002861023,17,0,0,1,1,1,0,1,87.3000030517578,1,48,0,3,1,1,0,0,1,1,1,1
"357",2.33999991416931,2.11999988555908,18,0,0,1,1,1,0,1,74.1999969482422,1,64,1,3,1,0,0,0,0,1,0,1
"358",2.90000009536743,1.66999995708466,18,1,1,1,1,1,1,1,81.6999969482422,1,77,1,4,1,0,0,0,0,0,0,1
"359",2.29999995231628,2.94000005722046,18,0,0,1,0,1,0,1,76.8000030517578,1,69.5,1,4,1,0,0,0,0,1,0,1
"360",1.26999998092651,2.38000011444092,18,1,0,0,0,1,1,1,79.3000030517578,1,71.5,1,4,1,0,1,1,1,0,0,1
"361",1.63999998569489,1.35000002384186,18,0,1,0,0,1,0,1,74.3000030517578,1,77,1,2,1,1,0,0,0,0,0,1
"362",2.38000011444092,2.10999989509583,18,0,0,1,1,1,0,1,72.8000030517578,0,66.3333358764648,0,3,1,0,0,0,0,1,0,1
"363",0.680000007152557,1.75999999046326,18,0,1,1,1,1,1,0,74.5,0,70,1,4,1,0,0,0,0,0,0,1
"364",1.47000002861023,2.59999990463257,18,0,0,1,1,1,0,1,75.5,1,53,0,4,1,1,0,0,0,1,0,1
"365",1.00999999046326,1.37999999523163,18,0,1,0,0,0,0,1,75.5,0,58,1,3,0,0,0,0,0,0,0,1
"366",2.64000010490417,2.32999992370605,18,0,1,1,1,0,0,1,79.5,0,80,1,3,1,1,0,0,0,0,0,1
"367",0.600000023841858,1.3400000333786,18,0,1,0,0,1,1,1,76.8000030517578,0,54,1,3,0,0,0,0,0,0,0,1
"368",2.28999996185303,1.58000004291534,18,1,1,1,1,1,1,1,84.8000030517578,1,77,1,4,1,1,0,0,0,0,0,1
"369",2.98000001907349,3.61999988555908,18,1,1,1,1,1,0,1,79.6999969482422,1,74.3333358764648,1,4,1,1,0,0,0,0,0,1
"370",2.29999995231628,2.59999990463257,18,0,0,0,0,1,0,0,79.3000030517578,1,70,1,3,1,1,0,0,0,1,0,1
"371",3.41000008583069,2.6800000667572,18,0,0,1,1,1,1,1,84.3000030517578,1,80.5,0,4,1,1,0,0,1,1,1,1
"372",3.48000001907349,3.4300000667572,18,0,0,1,1,0,1,1,86.5,1,80.5,0,3,1,1,0,0,0,1,0,1
"373",0.959999978542328,2.03999996185303,18,0,0,1,0,1,0,1,81.6999969482422,1,62,1,1,1,1,0,0,0,1,0,1
"374",1.38999998569489,1,18,0,1,1,0,1,1,1,74.1999969482422,0,64,1,4,1,0,0,0,0,0,0,1
"375",3.16000008583069,3.17000007629395,18,0,1,1,0,1,1,1,86.5,0,80,1,3,1,0,0,0,0,0,0,1
"376",3.58999991416931,2.70000004768372,17,0,1,1,1,0,1,1,80.8000030517578,1,85.5,0,2,1,1,0,0,0,0,0,1
"377",2.58999991416931,1.8400000333786,19,1,0,1,1,0,0,1,74.3000030517578,1,73,1,3,1,1,1,1,1,0,0,1
"378",2.6800000667572,3.14000010490417,18,0,1,1,0,1,0,0,84.5,1,59,1,4,1,0,0,0,0,0,0,1
"379",1.60000002384186,2.33999991416931,19,0,1,1,1,1,0,1,76,0,67.3333358764648,1,4,1,0,0,0,0,0,0,1
"380",2.10999989509583,1.63999998569489,18,0,1,1,0,1,1,1,82.6999969482422,1,76,1,4,1,0,0,0,0,0,0,1
"381",0.119999997317791,1.28999996185303,18,0,1,1,0,0,1,1,74.6999969482422,1,50,1,4,1,0,0,0,0,0,0,1
"382",3.07999992370605,2.66000008583069,18,0,1,1,0,1,1,1,79,1,74,1,1,1,0,0,0,0,0,0,1
"383",0.850000023841858,1.99000000953674,17,0,1,0,0,0,1,1,77.3000030517578,1,51,1,2,1,0,0,0,0,0,0,1
"384",0.879999995231628,1.62999999523163,19,0,1,1,0,1,1,1,78.5,0,48,1,5,1,0,0,0,0,0,0,1
"385",2.23000001907349,2.46000003814697,18,0,1,1,0,1,1,1,79.3000030517578,1,71,1,2,0,0,0,0,0,0,0,1
"386",2.66000008583069,2.97000002861023,19,0,0,1,0,0,1,1,72.8000030517578,1,70.5,1,4,1,0,1,1,1,0,0,1
"387",1.85000002384186,2.39000010490417,18,0,0,1,0,1,1,1,77.6999969482422,0,61.6666679382324,1,1,0,0,0,0,1,1,1,1
"388",0.870000004768372,1.52999997138977,18,0,1,1,0,1,1,1,76,1,57,1,3,1,0,0,0,0,0,0,1
"389",3.00999999046326,3.13000011444092,18,1,0,1,1,1,0,1,73.8000030517578,1,69.3333358764648,1,4,1,1,0,0,1,1,1,1
"390",3.27999997138977,3.5699999332428,19,1,0,1,1,1,0,0,74,1,80,1,4,1,0,0,0,0,1,0,1
"391",0.720000028610229,1.6599999666214,18,0,1,1,0,0,0,1,74,1,57,0,4,1,0,0,0,0,0,0,1
"392",1.17999994754791,2.08999991416931,18,1,1,0,0,1,1,0,76.6999969482422,0,60,1,1,0,0,0,0,0,0,0,1
"393",1.61000001430511,1.39999997615814,18,1,1,1,0,0,1,1,85.3000030517578,1,50,1,2,1,0,0,0,0,0,0,1
"394",0.170000001788139,0.389999985694885,18,0,1,0,0,1,1,1,74.1999969482422,0,53,1,1,1,0,0,0,0,0,0,1
"395",2.13000011444092,2.1800000667572,18,1,0,0,0,1,1,1,79.6999969482422,1,73,1,4,0,0,1,1,1,0,0,1
"396",1.37999999523163,2.21000003814697,17,1,1,1,1,1,1,1,78.6999969482422,1,68.5,1,4,1,1,0,0,0,0,0,1
"397",1.35000002384186,1.82000005245209,18,0,1,1,1,1,1,1,71.3000030517578,1,64,1,1,1,0,0,0,0,0,0,1
"398",2.5,2.16000008583069,18,0,1,0,0,1,1,1,76.6999969482422,1,65,1,1,1,0,0,0,0,0,0,1
"399",0.219999998807907,0.389999985694885,18,0,1,1,1,0,1,1,73,0,59,1,2,1,0,0,0,0,0,0,1
"400",1.29999995231628,2.63000011444092,18,1,1,1,1,0,1,1,75,1,56,1,4,1,0,0,0,0,0,0,1
"401",1.89999997615814,2.15000009536743,19,0,1,1,1,1,1,1,72.8000030517578,1,71,1,3,1,1,0,0,0,0,0,1
"402",1.72000002861023,1.97000002861023,18,0,1,1,1,1,1,1,72.3000030517578,0,60,1,3,1,0,0,0,0,0,0,1
"403",2.10999989509583,1.95000004768372,19,1,1,1,0,1,1,1,74.3000030517578,0,61.5,1,3,1,0,0,0,0,0,0,1
"404",1.12000000476837,2.23000001907349,19,0,1,1,1,1,1,1,75,0,62.5,1,2,1,1,0,0,0,0,0,1
"405",1.60000002384186,2.47000002861023,18,0,1,1,1,1,1,0,86.3000030517578,1,61,0,3,1,1,0,0,0,0,0,1
"406",1,2.82999992370605,18,0,0,1,1,0,0,1,82.6999969482422,0,56,1,1,1,0,0,0,1,1,1,1
"407",3.05999994277954,2.66000008583069,18,1,1,0,0,0,0,1,83,1,76,1,1,0,0,0,0,0,0,0,1
"408",1.27999997138977,2.13000011444092,19,0,1,1,1,1,1,0,75.5,1,64,1,3,1,1,0,0,0,0,0,1
"409",3.26999998092651,3.51999998092651,18,1,0,1,1,0,1,1,87.3000030517578,1,68,1,1,1,1,0,0,1,1,1,1
"410",2.35999989509583,2.40000009536743,18,0,0,0,0,1,1,1,79.6999969482422,1,60,1,3,0,0,0,0,0,1,0,1
"411",1.71000003814697,2.54999995231628,18,0,1,1,1,1,1,1,78,1,52,1,2,1,0,0,0,0,0,0,1
"412",1.79999995231628,2.14000010490417,19,0,1,1,0,1,0,1,83.8000030517578,0,72,1,1,1,0,0,0,0,0,0,1
"413",0,0,18,1,1,1,0,0,1,1,72,0,39,1,3,1,0,0,0,0,0,0,1
"414",2.33999991416931,2.48000001907349,20,0,1,1,1,0,1,1,77,1,58,0,2,1,0,0,0,0,0,0,1
"415",1.92999994754791,2.5699999332428,18,0,1,1,1,1,0,1,74.1999969482422,1,74,0,3,1,1,0,0,0,0,0,1
"416",0,0,19,1,0,1,1,1,1,0,73.3000030517578,1,0,1,2,1,0,0,0,0,1,0,1
"417",3.09999990463257,2.73000001907349,20,0,0,0,0,1,0,1,77.6999969482422,1,80,1,4,1,0,1,1,1,0,0,1
"418",2.03999996185303,2.13000011444092,18,1,0,0,0,0,1,1,74.5,1,68,1,3,0,0,0,0,0,1,0,1
"419",2.21000003814697,1.86000001430511,18,1,1,1,0,1,1,1,84.4000015258789,1,70,1,3,1,0,0,0,0,0,0,1
"420",3.16000008583069,3.5,18,0,1,0,0,0,0,1,81.1999969482422,1,85,1,3,0,0,0,0,0,0,0,1
"421",2.01999998092651,2.19000005722046,18,1,0,1,0,1,0,1,81.6999969482422,1,70,0,3,1,0,0,0,1,1,1,1
"422",1.62000000476837,2.77999997138977,18,1,1,0,0,1,1,1,86.6999969482422,0,65,1,5,0,0,0,0,0,0,0,1
"423",1.42999994754791,2.72000002861023,19,0,0,1,1,1,0,1,76.3000030517578,1,70,0,4,1,0,1,1,1,0,0,1
"424",0.970000028610229,1.49000000953674,19,1,0,1,1,0,1,1,72.5,1,55,1,3,1,1,1,1,1,0,0,1
"425",3.64000010490417,3.46000003814697,18,1,0,1,1,1,1,1,76,1,90,1,4,1,0,1,1,1,0,0,1
"426",0.75,1.12000000476837,19,0,0,0,0,0,1,1,77.1999969482422,1,51,0,2,0,0,1,1,1,0,0,1
"427",0.709999978542328,1.95000004768372,18,0,1,1,0,0,1,1,72.3000030517578,1,55,0,3,1,1,0,0,0,0,0,1
"428",2.10999989509583,2.35999989509583,18,0,1,1,0,1,1,1,77.1999969482422,0,65,1,1,1,0,0,0,0,0,0,1
"429",1.89999997615814,2.21000003814697,18,0,0,1,1,0,1,1,77,1,70,0,3,1,0,0,0,1,1,1,1
"430",1.9099999666214,2.14000010490417,19,0,1,1,0,1,1,1,71.6999969482422,0,62,0,3,1,0,0,0,0,0,0,1
"431",2.59999990463257,2.39000010490417,18,1,0,0,0,1,1,1,78.8000030517578,1,69,1,1,1,1,1,1,1,0,0,1
"432",1.62000000476837,1.29999995231628,19,0,1,1,1,0,1,0,75.8000030517578,0,53.5,0,3,1,1,0,0,0,0,0,1
"433",1.13999998569489,2.17000007629395,18,1,1,0,0,1,1,1,82.8000030517578,0,54,1,1,0,0,0,0,0,0,0,1
"434",1.89999997615814,2.29999995231628,18,0,1,1,1,0,1,1,85.6999969482422,1,65,1,2,0,0,0,0,0,0,0,1
"435",1.94000005722046,2.04999995231628,18,1,1,1,1,1,0,0,71.5,1,77,1,2,1,0,0,0,0,0,0,1
"436",2.60999989509583,3.41000008583069,18,1,1,1,1,0,0,1,80.1999969482422,0,71.6666641235352,1,4,1,1,0,0,0,0,0,1
"437",1.5,1.61000001430511,18,0,1,0,0,1,0,1,73.3000030517578,0,60,1,3,1,0,0,0,0,0,0,1
"438",3.04999995231628,1.78999996185303,18,0,1,1,0,1,1,0,86.5,1,76.5,1,3,1,0,0,0,0,0,0,1
"439",2.82999992370605,3.07999992370605,18,1,0,1,1,1,1,1,80.5,1,73.5,1,2,1,1,0,0,0,1,0,1
"440",1.75999999046326,0.870000004768372,18,0,1,1,0,0,1,1,73.5,0,68,1,4,1,0,0,0,0,0,0,1
"441",2.05999994277954,2.90000009536743,18,0,1,0,0,1,0,1,78.6999969482422,0,73.5,1,1,0,0,0,0,0,0,0,1
"442",1.67999994754791,2.13000011444092,18,1,0,1,0,1,1,1,78.8000030517578,0,71,1,2,1,0,1,1,1,0,0,1
"443",2.54999995231628,2.9300000667572,19,1,1,1,0,1,1,0,80.3000030517578,0,69,1,3,1,0,0,0,0,0,0,1
"444",2.55999994277954,2.58999991416931,18,0,1,1,0,1,1,1,80.8000030517578,0,62.5,1,3,1,0,0,0,0,0,0,1
"445",2.09999990463257,2.29999995231628,18,0,1,0,0,0,1,1,78.6999969482422,0,61,0,3,0,0,0,0,0,0,0,1
"446",1.82000005245209,2.88000011444092,18,0,1,1,0,1,0,1,74.8000030517578,0,74.5,1,3,1,0,0,0,0,0,0,1
"447",2.25,2.73000001907349,18,0,0,1,0,0,0,1,81.8000030517578,0,61,1,4,1,1,0,0,0,1,0,1
"448",0.899999976158142,1.48000001907349,18,0,1,0,0,1,1,0,75.8000030517578,0,58,1,3,1,0,0,0,0,0,0,1
"449",2.79999995231628,2.00999999046326,18,0,1,1,0,1,0,1,83.3000030517578,1,70.6666641235352,1,5,1,0,0,0,0,0,0,1
"450",1.00999999046326,2.49000000953674,19,1,1,1,1,1,0,1,72.1999969482422,1,55.6666679382324,1,2,1,1,0,0,0,0,0,1
"451",2.5699999332428,1.95000004768372,19,1,0,1,1,0,0,0,80.3000030517578,1,67,1,2,1,0,0,0,0,1,0,1
"452",1.89999997615814,2.15000009536743,19,0,1,1,0,1,0,1,80.6999969482422,1,70,1,4,1,0,0,0,0,0,0,1
"453",2.24000000953674,1.80999994277954,18,0,1,1,0,1,1,1,86.1999969482422,0,72.5,1,4,1,0,0,0,0,0,0,1
"454",1.91999995708466,1.42999994754791,19,0,0,1,0,1,1,0,77.8000030517578,0,77,0,2,1,1,0,0,0,1,0,1
"455",2.77999997138977,2.9300000667572,18,1,1,0,0,1,1,1,86.1999969482422,1,74,1,3,0,0,0,0,0,0,0,1
"456",3,1.85000002384186,19,0,1,1,0,1,1,1,73.3000030517578,1,76,1,3,1,1,0,0,0,0,0,1
"457",1.51999998092651,1.83000004291534,20,0,0,1,1,0,0,1,80.3000030517578,0,60,1,3,1,1,0,0,0,1,0,1
"458",2.79999995231628,2.57999992370605,18,0,0,1,1,1,1,0,84.6999969482422,0,68.5,1,5,1,0,1,0,0,0,0,1
"459",3.36999988555908,3.63000011444092,18,1,1,1,1,1,0,1,81,0,73,1,3,1,0,0,0,0,0,0,1
"460",2.27999997138977,2.61999988555908,19,0,1,1,1,1,0,1,74.8000030517578,1,66,1,3,1,0,0,0,0,0,0,1
"461",2.4300000667572,3.25,18,0,0,1,0,1,1,1,78.3000030517578,1,73,1,3,0,0,1,1,1,0,0,1
"462",2.25,2.02999997138977,18,0,0,1,1,0,1,0,75.3000030517578,1,70,1,4,1,1,1,1,1,0,0,1
"463",1.45000004768372,1.75999999046326,19,0,1,0,0,1,0,0,79.1999969482422,1,64,1,4,1,0,0,0,0,0,0,1
"464",2.22000002861023,2.73000001907349,19,0,1,1,0,1,1,1,77,0,67,1,3,1,0,0,0,0,0,0,1
"465",0.930000007152557,1.19000005722046,18,0,1,1,0,1,1,1,76.8000030517578,0,62,1,1,1,0,0,0,0,0,0,1
"466",2.47000002861023,2.91000008583069,18,0,0,1,1,0,0,1,77.1999969482422,0,80,1,4,1,1,1,1,1,0,0,1
"467",2.23000001907349,2.27999997138977,18,0,1,0,0,1,1,1,74.6999969482422,1,80,0,3,1,0,0,0,0,0,0,1
"468",3.23000001907349,2.73000001907349,18,1,1,0,0,1,1,1,82.6999969482422,1,76,1,3,1,0,0,0,0,0,0,1
"469",1.45000004768372,1.53999996185303,18,0,1,1,1,0,1,1,71.8000030517578,1,60,1,1,0,0,0,0,0,0,0,1
"470",3.03999996185303,2.69000005722046,19,0,1,0,0,1,0,0,83,1,77,1,2,1,0,0,0,0,0,0,1
"471",2.25,3.5,18,0,1,1,1,1,1,0,83.8000030517578,1,58,1,3,1,1,0,0,0,0,0,1
"472",2.13000011444092,1.62999999523163,18,0,1,1,1,1,0,1,83.1999969482422,1,75,1,1,1,0,0,0,0,0,0,1
"473",1.4099999666214,1.47000002861023,18,0,1,1,1,0,1,1,77.5,0,64,1,3,1,1,0,0,0,0,0,1
"474",0.670000016689301,0,20,0,1,0,0,0,1,1,81.3000030517578,0,38,1,1,0,0,0,0,0,0,0,1
"475",2.02999997138977,1.5,18,1,0,0,0,1,1,1,80,1,71,1,3,0,0,1,1,1,0,0,1
"476",1.96000003814697,2.79999995231628,18,1,0,1,1,1,0,1,83,1,77,0,3,1,0,1,1,1,0,0,1
"477",1.21000003814697,1.75999999046326,18,1,0,1,0,1,1,1,77.6999969482422,1,57,1,3,1,1,0,0,1,1,1,1
"478",0.949999988079071,0,18,0,1,1,1,0,0,0,77.6999969482422,0,62,1,3,1,0,0,0,0,0,0,1
"479",0.839999973773956,0,18,1,1,1,0,1,1,1,71,0,51,1,3,1,0,0,0,0,0,0,1
"480",1.23000001907349,1.80999994277954,18,0,1,1,0,1,1,0,73.5,1,51,1,3,0,0,0,0,0,0,0,1
"481",2.02999997138977,2.5699999332428,18,0,1,0,0,1,1,1,73.5,1,70.6666641235352,1,4,1,0,0,0,0,0,0,1
"482",2.14000010490417,2.46000003814697,20,0,1,1,0,1,0,1,72.8000030517578,0,65.5,1,2,1,0,0,0,0,0,0,1
"483",1.10000002384186,1.70000004768372,18,0,1,0,0,1,1,1,78.5,1,64.5,1,3,1,0,0,0,0,0,0,1
"484",1.4099999666214,1.74000000953674,18,0,1,1,0,1,1,1,81.6999969482422,1,60,1,3,1,0,0,0,0,0,0,1
"485",1.27999997138977,2.53999996185303,18,0,1,0,0,1,1,1,75.3000030517578,0,70,1,4,0,0,0,0,0,0,0,1
"486",1.91999995708466,2.59999990463257,18,1,1,1,1,0,0,0,77.1999969482422,0,70,1,4,1,0,0,0,0,0,0,1
"487",2.0699999332428,0.379999995231628,18,0,0,1,1,1,1,0,78,0,69.6666641235352,1,4,1,1,0,0,0,1,0,1
"488",1.97000002861023,2.00999999046326,18,0,0,1,1,0,1,1,83,0,71.3333358764648,1,2,1,0,1,1,1,0,0,1
"489",1.57000005245209,0.620000004768372,19,1,0,0,0,1,1,1,71.8000030517578,1,61.5,1,3,1,0,0,0,0,1,0,1
"490",1.20000004768372,1.76999998092651,18,0,1,1,1,0,1,1,82.3000030517578,0,46,1,2,1,1,0,0,0,0,0,1
"491",2.23000001907349,3.38000011444092,18,0,0,1,0,1,0,0,75.1999969482422,0,63,1,1,1,0,1,0,0,0,0,1
"492",0.409999996423721,1.66999995708466,20,0,1,1,1,0,0,1,74.5,1,45,0,4,1,1,0,0,0,0,0,1
"493",2.5,2.75,19,0,1,1,1,1,0,1,73.6999969482422,1,57,1,1,1,0,0,0,0,0,0,1
"494",1.58000004291534,1.53999996185303,18,0,1,1,0,1,0,1,80.6999969482422,0,65.6666641235352,1,3,1,1,0,0,0,0,0,1
"495",2.21000003814697,2.14000010490417,18,1,1,1,1,1,1,1,76.6999969482422,1,70.5,1,2,0,0,0,0,0,0,0,1
"496",1.76999998092651,2.83999991416931,18,0,1,1,0,1,1,1,85.3000030517578,0,68,1,3,1,0,0,0,0,0,0,1
"497",0.779999971389771,0,18,1,0,1,1,1,1,1,72.5,0,59,0,2,1,0,1,0,0,0,0,1
"498",1.69000005722046,1.12000000476837,18,1,0,0,0,1,1,1,74,1,72,0,2,1,0,1,1,1,0,0,1
"499",0.870000004768372,2.23000001907349,19,0,1,1,0,1,0,0,79.6999969482422,0,60,1,2,1,1,0,0,0,0,0,1
"500",0.340000003576279,0,19,0,0,0,0,1,0,1,76.5,1,61,1,2,0,0,0,0,1,1,1,1
"501",2.21000003814697,3.79999995231628,19,0,1,1,0,0,0,0,79.6999969482422,0,70,1,1,1,1,0,0,0,0,0,1
"502",2.05999994277954,2.71000003814697,18,0,1,1,0,1,0,0,83.1999969482422,1,64.6666641235352,1,2,1,0,0,0,0,0,0,1
"503",1.05999994277954,0.959999978542328,18,1,0,1,0,0,0,1,71.8000030517578,1,64,1,1,1,0,1,1,1,0,0,1
"504",3.16000008583069,1.99000000953674,19,0,0,0,0,1,0,1,85.1999969482422,0,85,1,4,1,0,0,0,0,1,0,1
"505",3.9300000667572,3.94000005722046,18,0,0,1,1,1,1,1,85.1999969482422,1,90,1,1,1,1,1,1,1,0,0,1
"506",1.46000003814697,1.45000004768372,19,0,1,1,0,1,1,0,81.5,0,50,1,3,1,0,0,0,0,0,0,1
"507",2.72000002861023,3.25,20,0,1,1,1,1,0,0,81.8000030517578,1,67,1,1,1,1,0,0,0,0,0,1
"508",0.810000002384186,2.23000001907349,19,0,1,0,0,1,1,1,72.3000030517578,1,59.5,1,5,1,0,0,0,0,0,0,1
"509",2.71000003814697,2.25999999046326,18,0,1,1,1,0,0,1,80,0,73.6666641235352,1,2,1,1,0,0,0,0,0,1
"510",1.02999997138977,0.959999978542328,18,0,1,0,0,1,1,1,76,1,54,1,5,1,0,0,0,0,0,0,1
"511",1.21000003814697,1.66999995708466,18,1,1,1,1,1,0,0,76.3000030517578,1,63.5,1,4,1,0,0,0,0,0,0,1
"512",1.64999997615814,1.04999995231628,18,0,1,1,1,1,0,1,81.1999969482422,1,63,1,3,1,1,0,0,0,0,0,1
"513",2.49000000953674,2.07999992370605,18,0,1,1,1,1,1,0,84.8000030517578,0,74,1,4,1,1,0,0,0,0,0,1
"514",1.3400000333786,1.70000004768372,18,0,1,1,0,1,1,1,83.3000030517578,1,55,1,1,1,0,0,0,0,0,0,1
"515",2.45000004768372,1.87000000476837,18,0,1,1,1,0,1,1,80.3000030517578,1,63,1,3,1,1,0,0,0,0,0,1
"516",2.88000011444092,1.77999997138977,18,0,1,1,0,1,1,1,75.8000030517578,1,64,1,3,1,1,0,0,0,0,0,1
"517",2.63000011444092,2.21000003814697,18,0,1,1,1,1,0,1,78.8000030517578,1,69.3333358764648,1,4,1,1,0,0,0,0,0,1
"518",0.889999985694885,1.87999999523163,18,0,1,1,0,1,1,1,80.1999969482422,1,50,1,4,1,0,0,0,0,0,0,1
"519",2.19000005722046,1.9099999666214,18,0,0,0,0,1,1,1,75,0,69.5,1,3,1,1,1,1,1,0,0,1
"520",2.09999990463257,2.59999990463257,18,0,0,1,0,1,1,1,81.5,1,57,1,5,1,1,1,1,1,0,0,1
"521",2.97000002861023,3.27999997138977,18,0,1,1,0,1,1,1,84.3000030517578,1,69,1,5,1,1,0,0,0,0,0,1
"522",1.39999997615814,1.54999995231628,19,0,0,1,0,0,0,1,73.3000030517578,1,52.6666679382324,0,2,1,0,1,0,0,0,0,1
"523",2.50999999046326,2.95000004768372,18,0,0,1,0,1,1,1,86.5,1,73,1,4,1,1,1,1,1,0,0,1
"524",2.19000005722046,2.02999997138977,18,1,0,1,0,0,1,0,78.6999969482422,1,68.3333358764648,1,3,1,0,0,0,1,1,1,1
"525",1.62999999523163,1.87000000476837,19,1,0,0,0,1,1,1,75.3000030517578,0,64,0,4,1,0,1,1,1,0,0,1
"526",2.5,2.17000007629395,19,0,1,1,1,1,0,1,81,1,77,1,4,1,0,0,0,0,0,0,1
"527",2.91000008583069,1.3400000333786,18,0,1,1,1,1,0,1,82.1999969482422,1,66,1,4,1,1,0,0,0,0,0,1
"528",1.01999998092651,1.95000004768372,18,1,1,1,0,0,0,0,75.1999969482422,0,49,1,1,1,0,0,0,0,0,0,1
"529",3.4300000667572,3.00999999046326,18,0,1,1,1,0,0,0,83.3000030517578,0,76.5,1,3,1,1,0,0,0,0,0,1
"530",1.73000001907349,2.08999991416931,18,0,0,0,0,1,1,0,77.1999969482422,1,71,1,4,0,0,0,0,1,1,1,1
"531",0.389999985694885,0.670000016689301,19,0,0,1,1,1,0,1,72.1999969482422,1,70,1,3,1,1,1,1,1,0,0,1
"532",3.15000009536743,2.64000010490417,18,0,1,0,0,1,0,1,85.3000030517578,0,81,1,1,0,0,0,0,0,0,0,1
"533",1.27999997138977,2.40000009536743,17,0,0,0,0,1,1,1,81.8000030517578,1,62,1,2,1,0,1,1,1,0,0,1
"534",1.83000004291534,2.08999991416931,19,0,1,0,0,0,1,1,76.8000030517578,1,64,1,4,1,0,0,0,0,0,0,1
"535",1.25999999046326,2.11999988555908,18,1,1,1,1,0,1,1,86.4000015258789,1,66,1,4,1,1,0,0,0,0,0,1
"536",1.33000004291534,2.70000004768372,18,1,0,1,0,1,1,0,82.5,0,77,1,4,0,0,1,1,1,0,0,1
"537",0.829999983310699,2.52999997138977,18,0,1,1,0,1,0,1,79.5,0,61,0,3,1,0,0,0,0,0,0,1
"538",1.6599999666214,1.86000001430511,18,0,1,1,1,1,1,1,72,0,62,1,2,1,0,0,0,0,0,0,1
"539",2.23000001907349,2.0699999332428,18,0,1,0,0,0,1,1,82.1999969482422,1,73,1,1,0,0,0,0,0,0,0,1
"540",1.83000004291534,1.33000004291534,18,1,1,1,0,1,1,1,79,1,69.5,1,2,1,0,0,0,0,0,0,1
"541",2.69000005722046,3.60999989509583,18,0,0,1,1,0,1,1,79.6999969482422,1,72,1,1,1,1,0,0,1,1,1,1
"542",2.50999999046326,3.17000007629395,18,0,1,1,1,1,0,1,76,1,71,1,2,1,0,0,0,0,0,0,1
"543",1.05999994277954,2.29999995231628,18,0,0,1,0,1,0,1,76.8000030517578,0,59,1,4,1,0,0,0,0,1,0,1
"544",2.34999990463257,2,18,1,0,1,1,1,0,1,74.3000030517578,1,61.5,1,3,0,0,0,0,0,1,0,1
"545",1.82000005245209,2.08999991416931,18,0,0,1,1,1,1,1,83,1,63.5,1,4,1,0,1,1,1,0,0,1
"546",1.62999999523163,0.769999980926514,18,0,1,0,0,1,1,1,79.3000030517578,0,56,1,1,0,0,0,0,0,0,0,1
"547",0.400000005960464,0,18,0,1,0,0,1,0,0,77.1999969482422,0,47.75,1,1,0,0,0,0,0,0,0,1
"548",1.69000005722046,1.48000001907349,18,1,1,1,1,0,0,1,75.3000030517578,1,71,1,4,1,1,0,0,0,0,0,1
"549",1.23000001907349,0.620000004768372,18,0,1,1,1,1,1,1,75.6999969482422,1,63,1,3,1,1,0,0,0,0,0,1
"550",1.46000003814697,2.3199999332428,18,1,0,1,1,1,0,1,76.8000030517578,1,68,1,2,1,1,0,0,1,1,1,1
"551",2.88000011444092,2.42000007629395,19,0,0,1,1,1,0,1,82.5,1,72.3333358764648,0,3,1,1,1,1,1,0,0,1
"552",2.08999991416931,2.22000002861023,19,1,0,1,0,1,0,0,76.8000030517578,1,68.5,1,2,1,0,1,1,1,0,0,1
"553",2.5,2.57999992370605,18,0,1,1,0,1,1,1,81.8000030517578,0,70.3333358764648,1,1,1,1,0,0,0,0,0,1
"554",2.1800000667572,2.42000007629395,18,1,1,1,1,0,1,1,81.3000030517578,1,63,1,4,1,1,0,0,0,0,0,1
"555",0.189999997615814,1,18,0,0,1,0,1,0,1,72.5,1,57,1,3,1,0,0,0,0,1,0,1
"556",0.569999992847443,3.25,18,0,0,1,0,1,0,0,77,0,49.3333320617676,1,2,1,0,1,1,1,0,0,1
"557",1.47000002861023,1.46000003814697,18,0,1,1,0,1,0,1,84.5,0,65,1,4,1,1,0,0,0,0,0,1
"558",1.32000005245209,0.920000016689301,18,1,1,1,1,1,1,1,76.8000030517578,1,64,1,3,1,0,0,0,0,0,0,1
"559",2.0699999332428,2.67000007629395,18,1,1,1,1,1,0,1,80.5,1,69.5,1,5,1,1,0,0,0,0,0,1
"560",2.67000007629395,2.85999989509583,18,0,1,1,1,1,0,1,86,1,66.6666641235352,1,1,1,0,0,0,0,0,0,1
"561",1.86000001430511,3.04999995231628,18,0,0,1,1,0,0,1,82.5,1,68,1,2,1,1,1,1,1,0,0,1
"562",2.40000009536743,2,19,0,1,1,1,0,1,1,87.1999969482422,1,70.5,1,5,1,1,0,0,0,0,0,1
"563",1.61000001430511,1.38999998569489,18,0,1,1,1,1,1,1,76,0,68,1,2,1,1,0,0,0,0,0,1
"564",2.77999997138977,3.00999999046326,18,1,1,1,1,0,1,1,85.6999969482422,1,68,1,4,1,1,0,0,0,0,0,1
"565",3.71000003814697,3.55999994277954,18,0,1,1,1,1,0,1,87.3000030517578,1,80,1,3,1,1,0,0,0,0,0,1
"566",3.21000003814697,3.69000005722046,19,1,1,1,0,1,1,0,84.0999984741211,1,81,1,3,1,1,0,0,0,0,0,1
"567",0.639999985694885,0.810000002384186,18,0,1,1,1,1,1,0,81.1999969482422,0,63,1,1,1,0,0,0,0,0,0,1
"568",1.73000001907349,2.52999997138977,18,0,1,1,1,1,0,1,79.3000030517578,0,58,1,3,1,0,0,0,0,0,0,1
"569",0.980000019073486,1,18,0,1,1,0,1,0,1,76,0,59,1,3,1,0,0,0,0,0,0,1
"570",1.13999998569489,0,19,0,1,1,1,0,0,1,72.8000030517578,0,57.3333320617676,1,3,0,0,0,0,0,0,0,1
"571",1.46000003814697,2.23000001907349,18,0,1,1,0,1,1,1,72.5,0,63,1,3,1,0,0,0,0,0,0,1
"572",2.48000001907349,2.08999991416931,18,1,1,1,0,1,1,1,82,0,70.5,1,4,1,0,0,0,0,0,0,1
"573",2.5,2.57999992370605,18,0,0,1,0,1,0,1,87,1,83,1,2,0,0,1,1,1,0,0,1
"574",1.22000002861023,0,18,0,0,1,1,0,0,1,80.8000030517578,1,63,0,3,1,1,0,0,1,1,1,1
"575",2.38000011444092,2.16000008583069,18,0,1,1,1,1,0,1,75.3000030517578,1,70,1,3,1,0,0,0,0,0,0,1
"576",3.39000010490417,3.90000009536743,18,0,1,1,1,1,1,1,85.8000030517578,1,87,1,4,1,0,0,0,0,0,0,1
"577",0.430000007152557,1.95000004768372,18,1,0,1,0,1,1,1,77.8000030517578,1,38.5,1,4,1,1,0,0,0,1,0,1
"578",1.33000004291534,1.47000002861023,18,1,1,1,1,1,1,1,76.3000030517578,0,58,1,3,1,0,0,0,0,0,0,1
"579",0.529999971389771,1.57000005245209,18,0,1,0,0,0,1,1,83.8000030517578,1,54,0,1,1,0,0,0,0,0,0,1
"580",1.45000004768372,0.949999988079071,18,0,1,1,1,1,1,1,73,0,55,1,4,1,0,0,0,0,0,0,1
"581",2.00999999046326,2.14000010490417,18,0,1,1,1,0,0,1,78.3000030517578,1,59,0,3,1,0,0,0,0,0,0,1
"582",1.85000002384186,2.80999994277954,18,0,0,1,1,1,0,1,71.3000030517578,0,81,0,1,1,1,0,0,1,1,1,1
"583",2.40000009536743,2.32999992370605,18,0,0,1,1,0,1,1,73.8000030517578,0,72,1,4,1,0,1,1,1,0,0,1
"584",2.75999999046326,2.09999990463257,19,0,1,1,1,1,0,1,82.5,0,85,1,4,1,0,0,0,0,0,0,1
"585",3.16000008583069,3.60999989509583,18,0,0,0,0,1,0,1,81,0,78.5,1,5,1,1,0,0,1,1,1,1
"586",1.23000001907349,0.910000026226044,18,1,0,1,0,1,0,1,75.1999969482422,0,65,1,3,1,0,1,0,0,0,0,1
"587",2.19000005722046,1.24000000953674,18,0,1,0,0,1,1,1,86,1,72,1,3,1,0,0,0,0,0,0,1
"588",1.27999997138977,1.46000003814697,18,0,1,1,0,1,0,1,75.4000015258789,1,66,1,2,1,0,0,0,0,0,0,1
"589",2.45000004768372,2.83999991416931,18,0,1,1,1,0,0,1,76.8000030517578,1,69,1,3,1,0,0,0,0,0,0,1
"590",2.22000002861023,2.75999999046326,18,0,0,1,1,1,1,1,73.8000030517578,1,72,0,3,1,0,0,0,1,1,1,1
"591",3.53999996185303,2.82999992370605,18,1,1,1,0,1,1,1,86.8000030517578,1,85,1,4,1,0,0,0,0,0,0,1
"592",2.71000003814697,1.98000001907349,19,0,1,1,1,0,1,1,81.1999969482422,0,63,1,2,1,0,0,0,0,0,0,1
"593",2.23000001907349,3.51999998092651,18,1,0,1,1,1,1,1,81.3000030517578,0,69,1,4,1,1,0,0,0,1,0,1
"594",1.71000003814697,2.38000011444092,18,0,1,1,0,0,1,1,81.3000030517578,0,63,0,4,1,0,0,0,0,0,0,1
"595",1.1599999666214,1.23000001907349,18,0,0,0,0,1,1,1,81,0,66,1,2,1,1,1,1,1,0,0,1
"596",1.89999997615814,1.8400000333786,18,0,0,1,0,1,0,1,79.6999969482422,0,74.5,1,2,1,0,1,1,1,0,0,1
"597",1.6599999666214,0.75,19,0,1,1,0,1,0,0,76.3000030517578,0,65,1,4,1,0,0,0,0,0,0,1
"598",0.730000019073486,1.94000005722046,18,1,0,1,1,1,0,1,83.1999969482422,1,64,1,2,1,0,1,1,1,0,0,1
"599",3.86999988555908,3.94000005722046,17,0,1,1,1,0,1,1,82.5,1,70,1,2,1,1,0,0,0,0,0,1
"600",1.51999998092651,2.89000010490417,19,0,1,0,0,1,0,1,75.3000030517578,1,75,0,3,0,0,0,0,0,0,0,1
"601",1.87999999523163,2.79999995231628,18,0,1,1,0,1,1,1,73.8000030517578,1,71,1,3,1,0,0,0,0,0,0,1
"602",0.670000016689301,0.140000000596046,18,0,1,1,0,1,1,1,75,1,65,1,2,1,0,0,0,0,0,0,1
"603",0.25,0,17,0,1,1,1,0,0,1,73.3000030517578,0,54,1,2,1,0,0,0,0,0,0,1
"604",2.91000008583069,2.44000005722046,18,0,1,1,1,1,1,0,87,1,75,1,4,1,0,0,0,0,0,0,1
"605",0.939999997615814,1.5,18,0,1,0,0,1,0,0,80.8000030517578,1,61.5,1,4,0,0,0,0,0,0,0,1
"606",2.61999988555908,2.25,18,0,0,1,0,0,0,1,72.5,1,68,1,3,0,0,1,1,1,0,0,1
"607",3.59999990463257,3.76999998092651,18,1,1,1,1,1,1,0,85,1,78,1,3,1,1,0,0,0,0,0,1
"608",1.95000004768372,2.41000008583069,18,0,1,0,0,1,1,0,81,1,61,1,3,1,0,0,0,0,0,0,1
"609",1.28999996185303,1.3400000333786,18,0,0,1,0,0,1,1,78.1999969482422,1,57.5,1,1,1,0,0,0,1,1,1,1
"610",0.25,1.07000005245209,20,0,1,1,0,0,1,0,72.3000030517578,0,54,0,2,1,0,0,0,0,0,0,1
"611",1.62999999523163,1.79999995231628,18,1,0,1,1,1,1,1,74,0,76,1,3,0,0,0,0,1,1,1,1
"612",1.28999996185303,1.5900000333786,18,0,0,1,0,0,0,1,73.8000030517578,1,77,1,3,1,0,0,0,1,1,1,1
"613",1.1599999666214,1.42999994754791,18,0,1,1,0,1,1,1,72.1999969482422,0,43,1,4,1,0,0,0,0,0,0,1
"614",2.92000007629395,3.25,18,0,1,0,0,1,0,0,82,1,84,1,2,1,0,0,0,0,0,0,1
"615",1.29999995231628,2.46000003814697,18,0,1,1,1,1,0,0,79.6999969482422,1,61.5,1,2,1,0,0,0,0,0,0,1
"616",0.200000002980232,0.829999983310699,18,0,1,1,0,0,1,1,71.5,0,53,1,2,0,0,0,0,0,0,0,1
"617",2.4300000667572,2.03999996185303,18,0,1,0,0,1,0,1,76.3000030517578,0,70.5,1,3,1,0,0,0,0,0,0,1
"618",0.779999971389771,1.35000002384186,18,0,1,1,0,0,0,1,71.6999969482422,0,53,1,3,1,0,0,0,0,0,0,1
"619",1.22000002861023,1.89999997615814,18,1,0,1,1,1,1,1,81.3000030517578,0,56,1,4,1,1,1,0,0,0,0,1
"620",2.64000010490417,3.25999999046326,19,0,1,0,0,1,1,1,75.8000030517578,0,74,0,3,1,0,0,0,0,0,0,1
"621",3.14000010490417,3.11999988555908,18,0,1,1,1,1,1,1,77,0,79,0,1,1,0,0,0,0,0,0,1
"622",1.71000003814697,2.75,18,1,1,1,0,1,0,1,75.8000030517578,1,74,0,3,1,1,0,0,0,0,0,1
"623",0.740000009536743,1.57000005245209,20,0,1,1,0,0,0,0,78.1999969482422,0,36,0,1,1,0,0,0,0,0,0,1
"624",1.62999999523163,2.01999998092651,18,0,1,0,0,1,1,0,71.5,1,54,1,2,0,0,0,0,0,0,0,1
"625",2.76999998092651,2.14000010490417,18,0,0,1,0,0,1,1,80.5,1,74,1,4,1,0,1,1,1,0,0,1
"626",2.35999989509583,1.12000000476837,18,0,0,1,0,1,0,0,82.5,1,73,1,3,1,0,1,0,0,0,0,1
"627",1.48000001907349,1.85000002384186,18,0,1,1,1,0,0,1,74,0,54,1,2,1,1,0,0,0,0,0,1
"628",1.71000003814697,1.38999998569489,18,0,0,1,1,1,1,1,86.3000030517578,1,74,1,3,1,1,0,0,1,1,1,1
"629",1.52999997138977,1.67999994754791,18,0,0,1,1,0,0,1,75.5,1,77,0,3,1,1,0,0,1,1,1,1
"630",0.330000013113022,1.39999997615814,18,1,1,1,1,0,1,0,75.3000030517578,0,51.5,1,2,1,1,0,0,0,0,0,1
"631",2.80999994277954,3.00999999046326,18,0,0,1,1,1,1,0,75.5,0,62,1,3,0,0,0,0,1,1,1,1
"632",1.03999996185303,0.800000011920929,18,0,0,1,0,1,1,1,77.5,1,63,1,3,1,0,1,1,1,0,0,1
"633",2.40000009536743,2.67000007629395,19,1,1,1,1,0,0,0,74.8000030517578,1,75,0,3,1,0,0,0,0,0,0,1
"634",2.03999996185303,2,18,0,1,1,0,0,1,1,83,1,68,1,3,0,0,0,0,0,0,0,1
"635",0.680000007152557,1,18,1,0,1,0,1,0,0,86.5,0,62,1,1,1,0,0,0,1,1,1,1
"636",1.52999997138977,2.08999991416931,18,1,1,0,0,0,1,1,73,1,57,1,5,0,0,0,0,0,0,0,1
"637",1.24000000953674,1.36000001430511,19,0,1,1,0,0,0,1,72.3000030517578,1,81,1,3,1,0,0,0,0,0,0,1
"638",0.5,1,19,0,1,1,1,0,0,1,76.6999969482422,1,54,1,4,1,1,0,0,0,0,0,1
"639",0.800000011920929,2.04999995231628,18,0,1,1,0,1,0,0,74.5,1,53,1,2,1,1,0,0,0,0,0,1
"640",1.22000002861023,1.88999998569489,19,0,0,1,1,1,0,1,73.3000030517578,0,71,1,4,1,1,1,1,1,0,0,1
"641",1.28999996185303,0,18,1,0,1,0,1,0,1,74,0,71.5,1,2,1,0,0,0,0,1,0,1
"642",1.17999994754791,2.84999990463257,19,1,1,1,0,1,0,1,80,1,70,1,3,1,0,0,0,0,0,0,1
"643",1.86000001430511,2.32999992370605,18,0,0,1,0,1,1,1,82.6999969482422,0,57,1,2,1,0,0,0,1,1,1,1
"644",2.51999998092651,3.08999991416931,18,0,0,1,0,1,1,1,84.4000015258789,1,82,1,3,1,1,1,1,1,0,0,1
"645",2.59999990463257,1.51999998092651,18,1,1,1,0,1,1,1,71.8000030517578,0,75,1,1,1,0,0,0,0,0,0,1
"646",1.5900000333786,2.07999992370605,18,1,1,1,1,0,1,1,80.8000030517578,1,60,1,3,1,0,0,0,0,0,0,1
"647",0.569999992847443,2.26999998092651,18,0,1,1,1,1,1,1,77.5,0,52,0,4,1,0,0,0,0,0,0,1
"648",2.6800000667572,3.07999992370605,18,0,1,1,1,1,1,1,80.3000030517578,0,70,1,3,1,1,0,0,0,0,0,1
"649",3.11999988555908,3.29999995231628,19,1,1,1,0,1,0,1,74,1,81,1,1,1,0,0,0,0,0,0,1
"650",1.19000005722046,0.140000000596046,19,0,1,1,1,1,1,1,72.8000030517578,0,76.5,1,2,1,1,0,0,0,0,0,1
"651",1.78999996185303,2.74000000953674,18,1,1,0,0,0,1,1,80,0,74,1,2,0,0,0,0,0,0,0,1
"652",1.25999999046326,2.33999991416931,18,0,1,1,0,1,1,1,72.6999969482422,0,62.5,1,1,1,1,0,0,0,0,0,1
"653",2.66000008583069,2.5699999332428,18,1,1,1,1,1,0,1,82.3000030517578,0,73,1,2,1,0,0,0,0,0,0,1
"654",1.92999994754791,1.62999999523163,18,0,1,1,0,1,1,1,76.3000030517578,1,60,1,3,1,0,0,0,0,0,0,1
"655",0,0.28999999165535,19,1,1,1,1,1,1,1,71.8000030517578,1,29,1,3,0,0,0,0,0,0,0,1
"656",2.07999992370605,1.70000004768372,19,1,1,1,1,0,1,0,77,1,57,1,2,1,1,0,0,0,0,0,1
"657",2.48000001907349,1.85000002384186,18,0,1,1,0,1,0,1,83,0,77.5,1,2,0,0,0,0,0,0,0,1
"658",2.85999989509583,2.5699999332428,18,0,1,1,0,1,1,1,81.5,0,67,1,1,1,0,0,0,0,0,0,1
"659",2.22000002861023,2.29999995231628,18,1,1,1,0,1,0,1,84.6999969482422,0,85,1,1,1,0,0,0,0,0,0,1
"660",0.670000016689301,0.899999976158142,19,0,1,1,1,1,1,0,73.3000030517578,0,57,1,4,1,0,0,0,0,0,0,1
"661",2.40000009536743,2.64000010490417,18,0,1,1,0,1,1,1,74.8000030517578,1,68,1,2,1,0,0,0,0,0,0,1
"662",1.37999999523163,1.36000001430511,18,0,0,0,0,0,0,1,79.8000030517578,1,57.5,1,3,1,1,0,0,1,1,1,1
"663",2.17000007629395,1.25999999046326,18,0,0,1,0,1,0,0,80.3000030517578,1,73,1,3,1,0,0,0,1,1,1,1
"664",1.39999997615814,1.07000005245209,19,0,1,0,0,0,1,1,77.8000030517578,1,63,0,2,0,0,0,0,0,0,0,1
"665",1.32000005245209,1.87999999523163,19,0,1,1,1,0,0,1,76.1999969482422,1,60.3333320617676,1,2,1,1,0,0,0,0,0,1
"666",2.47000002861023,2.74000000953674,18,1,1,1,0,1,1,1,83.3000030517578,1,75,1,3,1,1,0,0,0,0,0,1
"667",1.20000004768372,0.850000023841858,18,1,1,1,0,0,0,0,74.8000030517578,0,43,1,4,1,0,0,0,0,0,0,1
"668",1.89999997615814,2.29999995231628,18,0,1,1,1,0,1,1,75,0,65.3333358764648,0,1,1,1,0,0,0,0,0,1
"669",1.64999997615814,2.46000003814697,18,0,1,1,1,1,1,1,76.3000030517578,1,57,1,3,1,1,0,0,0,0,0,1
"670",1.8400000333786,1.8400000333786,18,0,0,1,1,1,0,1,81.5,0,73,1,1,1,0,1,1,1,0,0,1
"671",1.46000003814697,2.23000001907349,18,0,0,1,1,1,0,0,76,0,55,1,2,1,0,0,0,1,1,1,1
"672",2.30999994277954,1.96000003814697,18,1,1,1,0,0,0,1,80.5,0,67,1,3,1,0,0,0,0,0,0,1
"673",1.89999997615814,2,19,1,0,1,0,1,0,0,84,0,59,1,2,1,0,1,0,0,0,0,1
"674",3.02999997138977,2.14000010490417,18,0,0,1,1,0,1,1,82.3000030517578,1,85,0,4,0,0,1,1,1,0,0,1
"675",1.4099999666214,0.46000000834465,18,1,0,1,1,0,0,0,77.5,0,68,1,2,1,0,1,1,1,0,0,1
"676",3.03999996185303,3.26999998092651,18,0,0,1,0,0,1,1,84,1,72,1,2,1,0,0,0,1,1,1,1
"677",3.75999999046326,3.24000000953674,18,0,1,1,1,1,1,1,87,1,80,1,1,1,0,0,0,0,0,0,1
"678",2.11999988555908,1.17999994754791,18,0,0,1,0,1,0,1,80,0,70,0,3,1,0,1,1,1,0,0,1
"679",1.50999999046326,1.6599999666214,19,0,0,1,1,0,1,1,74.8000030517578,0,61.5,1,3,1,0,0,0,0,1,0,1
"680",2.61999988555908,3.38000011444092,18,0,0,1,0,0,1,1,78.5,0,77,1,1,1,0,1,1,1,0,0,1
"681",1.53999996185303,2.66000008583069,18,0,1,1,0,1,1,1,85.6999969482422,0,64.6666641235352,0,3,1,0,0,0,0,0,0,1
"682",2.82999992370605,3.70000004768372,18,1,1,1,0,1,1,1,76.8000030517578,1,73.25,1,3,1,0,0,0,0,0,0,1
"683",1.08000004291534,0,19,0,1,1,1,1,0,1,72.1999969482422,1,62.5,1,1,1,1,0,0,0,0,0,1
"684",0,0.330000013113022,20,0,1,1,1,1,0,1,75.5,1,41,1,3,1,1,0,0,0,0,0,1
"685",1.16999995708466,1.76999998092651,18,0,1,1,0,1,1,1,82.6999969482422,0,58,1,4,1,0,0,0,0,0,0,1
"686",1.51999998092651,2.1800000667572,18,0,1,1,1,1,0,1,78.8000030517578,1,61.5,1,2,1,1,0,0,0,0,0,1
"687",1.17999994754791,1.39999997615814,18,0,1,1,0,1,1,1,72.5,1,53,1,4,1,0,0,0,0,0,0,1
"688",1.29999995231628,1.33000004291534,19,0,0,1,0,1,1,1,74.3000030517578,1,80,0,3,0,0,1,1,1,0,0,1
"689",1.87000000476837,1.89999997615814,18,0,1,1,0,0,1,1,86.1999969482422,1,59,1,2,1,1,0,0,0,0,0,1
"690",1.88999998569489,2.52999997138977,18,0,1,1,0,1,1,1,80.5,1,65,1,2,1,0,0,0,0,0,0,1
"691",3.52999997138977,2.75999999046326,19,0,1,1,1,0,0,1,81,1,81,1,2,1,1,0,0,0,0,0,1
"692",1.87999999523163,2.38000011444092,18,1,1,1,0,1,1,1,83.6999969482422,1,3,1,3,1,0,0,0,0,0,0,1
"693",3.00999999046326,2.33999991416931,19,0,0,1,1,1,0,1,80.6999969482422,1,66,1,5,1,1,1,1,1,0,0,1
"694",1.38999998569489,3.39000010490417,18,0,1,1,1,0,1,1,78.8000030517578,0,53.5,1,2,1,1,0,0,0,0,0,1
"695",1.63999998569489,2,19,1,1,1,0,1,1,1,75.6999969482422,0,56.6666679382324,1,4,1,0,0,0,0,0,0,1
"696",0.670000016689301,0.800000011920929,21,1,1,1,1,1,1,1,74.3000030517578,1,55.3333320617676,1,3,1,1,0,0,0,0,0,1
"697",2.58999991416931,2.78999996185303,18,0,0,1,1,1,1,0,82.5,1,73,1,3,1,0,1,1,1,0,0,1
"698",1.28999996185303,1.60000002384186,18,0,1,1,1,0,0,1,83.3000030517578,1,53,1,5,0,0,0,0,0,0,0,1
"699",1.58000004291534,2.04999995231628,18,0,1,1,1,1,0,1,74,1,66,1,3,1,1,0,0,0,0,0,1
"700",1.29999995231628,1.35000002384186,19,0,0,1,1,1,0,0,73.5,0,64,0,3,1,0,0,0,0,1,0,1
"701",2.01999998092651,2.80999994277954,18,1,0,1,0,1,0,1,74.3000030517578,0,72.5,1,3,1,0,0,0,1,1,1,1
"702",3.17000007629395,2.70000004768372,19,0,1,1,1,1,0,1,75.3000030517578,1,80.3333358764648,1,2,1,0,0,0,0,0,0,1
"703",1.87000000476837,1.70000004768372,19,0,0,1,0,1,0,1,74,0,70,1,3,1,1,1,1,1,0,0,1
"704",0.75,1.87000000476837,18,1,1,1,1,1,1,0,81.6999969482422,0,58.5,1,3,1,0,0,0,0,0,0,1
"705",0.899999976158142,0.230000004172325,18,1,1,1,0,1,1,1,72.3000030517578,0,64.5,1,3,1,0,0,0,0,0,0,1
"706",2.48000001907349,3.4300000667572,18,0,0,1,0,1,1,1,73.5,0,75.3333358764648,1,3,1,0,0,0,1,1,1,1
"707",2,2.79999995231628,18,1,0,1,0,1,0,0,78.5,0,65,1,2,1,0,1,0,0,0,0,1
"708",2.92000007629395,2.59999990463257,18,0,0,1,1,1,1,1,87,1,69,1,2,1,1,0,0,1,1,1,1
"709",1.1599999666214,1.63999998569489,18,0,1,1,1,1,0,1,75.6999969482422,1,66.5,0,2,1,1,0,0,0,0,0,1
"710",2.23000001907349,2.73000001907349,18,0,0,1,0,1,0,1,79,0,73.6666641235352,0,3,1,1,0,0,1,1,1,1
"711",2.33999991416931,0.5,18,0,1,1,0,0,1,0,75.1999969482422,1,80,1,3,1,0,0,0,0,0,0,1
"712",2.22000002861023,2.24000000953674,19,0,0,0,0,1,1,1,78.5,1,75,1,1,1,0,1,1,1,0,0,1
"713",2.32999992370605,2.69000005722046,19,1,0,1,0,1,0,1,77,0,76.5,1,2,1,0,0,0,1,1,1,1
"714",1.47000002861023,1.23000001907349,18,0,0,1,1,1,1,1,73.6999969482422,0,58,0,4,1,0,1,1,1,0,0,1
"715",2.23000001907349,3.02999997138977,18,0,1,1,0,1,1,1,83.3000030517578,1,66.5,0,3,1,0,0,0,0,0,0,1
"716",3.40000009536743,2.65000009536743,18,0,0,1,1,1,0,1,84.3000030517578,0,74.5,1,2,1,0,0,0,0,1,0,1
"717",1.1599999666214,1.29999995231628,19,0,1,1,0,1,1,1,73.6999969482422,0,62.5,1,3,1,0,0,0,0,0,0,1
"718",2.25999999046326,1.5900000333786,18,0,0,0,0,1,1,1,75.3000030517578,1,66,1,2,1,0,1,0,0,0,0,1
"719",2.13000011444092,2.8199999332428,19,1,1,1,0,0,0,1,80,1,64,1,5,1,0,0,0,0,0,0,1
"720",2.14000010490417,1.53999996185303,20,0,1,1,0,1,1,1,79.3000030517578,1,68,1,5,1,0,0,0,0,0,0,1
"721",2.89000010490417,2.52999997138977,18,0,1,1,1,1,1,1,84,1,79,1,3,1,1,0,0,0,0,0,1
"722",2,2.36999988555908,18,0,1,1,0,1,1,1,80.5,0,72.5,1,1,1,0,0,0,0,0,0,1
"723",1.45000004768372,2.11999988555908,19,0,0,1,1,0,1,1,81.1999969482422,0,58,1,2,1,0,0,0,0,1,0,1
"724",3.20000004768372,1.70000004768372,18,0,0,1,1,1,1,0,74.3000030517578,0,79,1,2,1,1,1,1,1,0,0,1
"725",1.44000005722046,2.27999997138977,19,0,1,1,1,1,1,1,71.5,0,67,1,2,1,1,0,0,0,0,0,1
"726",2.20000004768372,2.23000001907349,18,1,0,1,1,1,1,1,85.5999984741211,0,65.5,1,3,1,1,1,1,1,0,0,1
"727",1.99000000953674,2.5,18,1,1,1,0,1,0,1,80.3000030517578,0,67,1,3,1,0,0,0,0,0,0,1
"728",3.29999995231628,3.05999994277954,18,0,1,1,1,0,0,1,83.8000030517578,1,67,1,3,1,1,0,0,0,0,0,1
"729",0.850000023841858,1.19000005722046,18,0,1,1,1,0,1,1,79.3000030517578,1,52,1,2,1,0,0,0,0,0,0,1
"730",1.95000004768372,2.58999991416931,18,0,0,1,0,1,0,1,73.5,1,63.5,1,3,1,0,0,0,0,1,0,1
"731",1.47000002861023,2.59999990463257,18,1,0,1,0,0,0,1,77,1,67.5,1,2,1,0,1,1,1,0,0,1
"732",2.36999988555908,3.00999999046326,18,1,0,0,0,1,1,1,83.5,0,63,1,3,1,0,1,1,1,0,0,1
"733",2.01999998092651,2.11999988555908,19,0,1,0,0,1,1,1,76.8000030517578,0,59,1,3,0,0,0,0,0,0,0,1
"734",2,2.79999995231628,19,0,0,0,0,1,1,0,78.3000030517578,0,71.5,1,3,0,0,1,1,1,0,0,1
"735",1.80999994277954,2.13000011444092,19,0,1,1,0,1,1,0,75,1,61,1,3,1,0,0,0,0,0,0,1
"736",2.46000003814697,2.5,18,1,0,1,1,1,1,1,79.5,0,67,1,3,1,1,0,0,1,1,1,1
"737",2.32999992370605,2,18,0,1,1,0,1,0,1,82.5,0,69,1,2,1,0,0,0,0,0,0,1
"738",2.70000004768372,3.33999991416931,18,1,1,1,1,0,1,1,85,1,65,1,3,1,1,0,0,0,0,0,1
"739",1.62999999523163,2.22000002861023,19,0,1,1,1,1,0,1,78.5,1,69,1,3,1,1,0,0,0,0,0,1
"740",2.4300000667572,1.8400000333786,18,0,1,0,0,0,0,1,79,1,78,1,2,0,0,0,0,0,0,0,1
"741",2.59999990463257,3.20000004768372,18,0,1,1,0,1,0,1,71.6999969482422,0,61,1,4,1,0,0,0,0,0,0,1
"742",0.100000001490116,0.860000014305115,18,0,0,1,0,1,1,1,72.5,1,55,1,5,1,1,0,0,1,1,1,1
"743",2.38000011444092,3.1800000667572,18,0,1,1,0,1,1,1,77.5,1,78,1,3,1,0,0,0,0,0,0,1
"744",2.21000003814697,1.97000002861023,18,0,0,0,0,0,1,0,79.5,0,65,1,3,0,0,1,1,1,0,0,1
"745",1.17999994754791,2.27999997138977,18,0,1,1,0,1,1,1,80.5,1,61,1,3,1,0,0,0,0,0,0,1
"746",3.71000003814697,3.53999996185303,19,1,1,0,0,1,1,1,83.3000030517578,1,78,1,4,1,1,0,0,0,0,0,1
"747",0.930000007152557,0.340000003576279,18,0,1,0,0,1,1,1,75,0,54.5,1,3,0,0,0,0,0,0,0,1
"748",1.62000000476837,1.70000004768372,19,0,1,1,1,1,0,1,87,1,66.5,0,3,1,0,0,0,0,0,0,1
"749",0.860000014305115,1.48000001907349,18,0,1,1,1,1,0,1,78.3000030517578,0,59,1,4,1,1,0,0,0,0,0,1
"750",2.1800000667572,2.54999995231628,18,0,0,1,1,1,1,1,78.5,0,69,0,4,1,0,0,0,0,1,0,1
"751",1.54999995231628,1.00999999046326,18,0,0,1,1,1,1,1,73,1,64.5,1,4,1,1,1,1,1,0,0,1
"752",2.63000011444092,2.71000003814697,18,0,1,1,0,1,1,1,74,1,81,1,3,1,1,0,0,0,0,0,1
"753",1.35000002384186,1.62000000476837,18,1,0,1,1,0,1,1,78.8000030517578,1,62,1,2,1,1,0,0,0,1,0,1
"754",1.32000005245209,2.09999990463257,18,0,1,1,0,1,1,1,81.3000030517578,1,62,1,3,1,0,0,0,0,0,0,1
"755",2.29999995231628,1.78999996185303,18,1,1,1,0,1,1,1,79,0,71,1,3,1,1,0,0,0,0,0,1
"756",1.92999994754791,2.1800000667572,18,0,1,1,1,1,1,1,84.8000030517578,1,58,1,3,1,1,0,0,0,0,0,1
"757",2.98000001907349,3.1800000667572,18,0,1,1,0,1,1,1,86.3000030517578,0,74,1,3,1,0,0,0,0,0,0,1
"758",1.52999997138977,1.85000002384186,19,0,1,1,1,1,1,1,77.5,0,47,1,3,1,1,0,0,0,0,0,1
"759",2.52999997138977,1.53999996185303,20,0,1,1,1,1,1,1,83.8000030517578,1,82,1,4,1,0,0,0,0,0,0,1
"760",2.39000010490417,1.87999999523163,18,1,1,1,1,1,0,1,72.3000030517578,1,72,1,1,1,1,0,0,0,0,0,1
"761",1.12999999523163,1.13999998569489,18,0,1,1,1,0,1,0,77,1,70,1,3,1,1,0,0,0,0,0,1
"762",3.42000007629395,3.27999997138977,18,1,1,1,0,1,0,1,87.3000030517578,1,61,1,2,1,0,0,0,0,0,0,1
"763",1.44000005722046,3.05999994277954,18,1,0,1,0,1,1,1,77.5,0,47,1,2,1,0,0,0,0,1,0,1
"764",3,2.83999991416931,18,0,1,0,0,0,1,1,86.6999969482422,1,73,1,3,1,0,0,0,0,0,0,1
"765",2.20000004768372,2.40000009536743,18,0,1,1,1,1,0,1,79.1999969482422,0,72.5,1,3,1,1,0,0,0,0,0,1
"766",2.07999992370605,1.54999995231628,18,0,1,1,0,0,1,1,76.3000030517578,0,54,1,1,1,0,0,0,0,0,0,1
"767",2.76999998092651,0.479999989271164,18,0,1,0,0,1,1,1,85,1,70,0,3,1,0,0,0,0,0,0,1
"768",2.5699999332428,1.89999997615814,18,1,0,1,1,1,0,1,82.3000030517578,1,79,1,4,1,0,0,0,1,1,1,1
"769",0.839999973773956,1,18,0,1,1,1,1,0,0,76.1999969482422,1,65,1,3,1,0,0,0,0,0,0,1
"770",2.28999996185303,2.82999992370605,18,0,1,1,1,1,0,1,78.6999969482422,0,74.5,1,4,1,1,0,0,0,0,0,1
"771",1.27999997138977,1.98000001907349,18,0,0,1,1,1,1,1,73.8000030517578,1,63,0,2,0,0,0,0,0,1,0,1
"772",3.24000000953674,3.57999992370605,18,0,0,1,1,1,0,1,82.1999969482422,1,80,1,4,1,0,0,0,1,1,1,1
"773",2.75,2.69000005722046,18,1,1,1,1,0,0,0,82,0,62,1,3,1,0,0,0,0,0,0,1
"774",2.74000000953674,2.76999998092651,18,1,1,1,1,0,1,1,81.3000030517578,1,80,1,3,1,1,0,0,0,0,0,1
"775",3.11999988555908,3.20000004768372,19,0,1,1,0,1,1,1,79.3000030517578,0,71,1,3,1,1,0,0,0,0,0,1
"776",1.79999995231628,2.29999995231628,18,0,0,1,1,1,1,1,82,1,66,1,5,1,1,0,0,1,1,1,1
"777",1.21000003814697,2.32999992370605,18,1,1,1,1,1,1,1,76.8000030517578,0,59.5,1,3,1,1,0,0,0,0,0,1
"778",1.57000005245209,2.14000010490417,18,1,1,1,1,0,0,1,84.3000030517578,0,68,1,4,1,1,0,0,0,0,0,1
"779",0.939999997615814,1.21000003814697,18,0,0,1,0,1,0,1,80.3000030517578,0,60,1,2,1,0,1,0,0,0,0,1
"780",0.740000009536743,1.32000005245209,18,0,1,1,0,1,1,1,78.3000030517578,0,60.5,1,4,1,0,0,0,0,0,0,1
"781",3.14000010490417,2.59999990463257,18,0,1,1,1,1,1,1,86.3000030517578,0,73,1,5,1,1,0,0,0,0,0,1
"782",0,0,19,0,1,0,0,1,0,1,72.8000030517578,0,16,1,2,1,0,0,0,0,0,0,1
"783",2.03999996185303,2.07999992370605,18,0,0,1,1,1,1,1,71.6999969482422,0,71,1,2,0,0,1,1,1,0,0,1
"784",1.97000002861023,2.47000002861023,18,0,1,1,0,0,1,1,79.8000030517578,1,66,0,3,1,0,0,0,0,0,0,1
"785",1.37000000476837,1.67999994754791,18,1,1,1,0,1,1,1,76,0,59.5,0,2,1,0,0,0,0,0,0,1
"786",2.67000007629395,2.65000009536743,18,0,1,1,1,1,1,1,80.4000015258789,1,70.5,1,1,1,1,0,0,0,0,0,1
"787",2.60999989509583,3.33999991416931,18,0,0,1,0,1,1,1,87.3000030517578,0,76,1,4,1,1,0,0,1,1,1,1
"788",1.35000002384186,1.44000005722046,18,1,0,1,1,1,1,1,80.3000030517578,0,66,1,4,1,0,1,1,1,0,0,1
"789",1.07000005245209,2.03999996185303,18,0,1,1,0,1,0,0,73.6999969482422,1,61.5,0,3,0,0,0,0,0,0,0,1
"790",2.24000000953674,1.75999999046326,18,0,1,1,0,0,1,0,82.5,0,70,1,3,1,0,0,0,0,0,0,1
"791",1.29999995231628,1.89999997615814,18,0,0,1,1,1,0,1,78,0,64,1,3,1,1,1,1,1,0,0,1
"792",0.389999985694885,1.75999999046326,18,1,0,1,1,1,0,1,78.5,0,58,1,3,0,0,1,1,1,0,0,1
"793",1.62000000476837,1.25,19,0,1,1,0,1,0,1,75.1999969482422,1,73,1,3,1,0,0,0,0,0,0,1
"794",1.44000005722046,2.14000010490417,18,0,0,1,0,0,1,1,74.3000030517578,0,55,1,1,1,0,0,0,0,1,0,1
"795",2.09999990463257,2.0699999332428,17,0,1,0,0,1,0,0,72.6999969482422,1,64.5,1,1,1,0,0,0,0,0,0,1
"796",1.25,0.670000016689301,18,0,1,1,1,1,1,1,72,0,78,1,3,1,1,0,0,0,0,0,1
"797",1.12999999523163,2.25,18,0,1,1,0,0,1,1,79.3000030517578,1,72.5,1,2,1,0,0,0,0,0,0,1
"798",1.44000005722046,2.29999995231628,17,0,1,1,0,1,0,1,80.1999969482422,1,58.3333320617676,1,1,1,0,0,0,0,0,0,1
"799",2.41000008583069,1.96000003814697,19,0,1,1,1,1,1,0,73.1999969482422,0,67,1,3,1,0,0,0,0,0,0,1
"800",3.03999996185303,2.99000000953674,18,1,1,1,1,1,0,0,82.5,1,80,1,3,1,0,0,0,0,0,0,1
"801",2.74000000953674,1.91999995708466,18,0,1,1,0,1,0,1,72.8000030517578,0,75.75,1,5,1,0,0,0,0,0,0,1
"802",1.20000004768372,0.680000007152557,19,0,1,1,0,1,1,0,79.3000030517578,1,45,1,3,1,0,0,0,0,0,0,1
"803",2.25,3.07999992370605,18,0,0,1,1,1,1,1,77,1,70.5,0,3,1,1,0,0,0,1,0,1
"804",1.48000001907349,3.53999996185303,18,1,1,1,1,1,0,1,81,1,61,1,5,1,1,0,0,0,0,0,1
"805",0.939999997615814,2.08999991416931,18,1,0,0,0,1,1,1,84,0,55,0,3,1,0,0,0,1,1,1,1
"806",2.46000003814697,2.34999990463257,18,0,1,1,1,0,0,1,81.8000030517578,0,74,0,2,1,1,0,0,0,0,0,1
"807",3.50999999046326,2.58999991416931,18,0,1,0,0,0,0,1,83.8000030517578,0,78.5,1,1,1,0,0,0,0,0,0,1
"808",1.12999999523163,1.87000000476837,20,0,0,1,1,0,1,1,85.3000030517578,1,53.3333320617676,1,1,1,1,0,0,0,1,0,1
"809",2.73000001907349,2.52999997138977,18,0,0,1,0,0,1,0,80.3000030517578,1,74,0,3,0,0,0,0,0,1,0,1
"810",2.63000011444092,2.09999990463257,18,1,1,1,0,1,1,1,85.5,1,70,1,3,1,0,0,0,0,0,0,1
"811",2.28999996185303,2.71000003814697,18,1,1,1,1,0,0,1,74.1999969482422,0,62.5,1,3,1,1,0,0,0,0,0,1
"812",3.04999995231628,3.07999992370605,18,1,1,1,1,1,1,1,85,1,66,1,3,1,1,0,0,0,0,0,1
"813",0.219999998807907,0.930000007152557,18,0,1,0,0,1,1,1,73.8000030517578,0,66,1,3,1,0,0,0,0,0,0,1
"814",3.34999990463257,3.40000009536743,18,0,1,1,1,0,1,1,85,1,80.5,1,4,1,1,0,0,0,0,0,1
"815",1.83000004291534,2.9300000667572,19,0,1,1,1,1,0,1,77,1,70,1,3,1,1,0,0,0,0,0,1
"816",0.790000021457672,2.07999992370605,18,0,1,1,1,0,1,0,82.1999969482422,0,57,1,1,1,1,0,0,0,0,0,1
"817",2.80999994277954,2.14000010490417,18,0,1,1,1,1,0,1,82.6999969482422,1,75.5,1,4,0,0,0,0,0,0,0,1
"818",3.88000011444092,3.94000005722046,18,0,1,1,0,1,0,1,86.5,0,94,1,3,1,0,0,0,0,0,0,1
"819",1.36000001430511,1.97000002861023,18,0,1,1,1,1,1,1,75.1999969482422,1,62.5,1,3,1,0,0,0,0,0,0,1
"820",1.98000001907349,2.9300000667572,19,0,1,1,0,0,0,0,82.3000030517578,1,64.6666641235352,1,3,1,0,0,0,0,0,0,1
"821",0,0.200000002980232,18,0,1,1,0,0,1,1,79.1999969482422,1,47,1,4,1,0,0,0,0,0,0,1
"822",0.239999994635582,0.330000013113022,19,1,1,1,1,1,0,1,73.6999969482422,0,60,1,4,1,0,0,0,0,0,0,1
"823",2.54999995231628,3.00999999046326,18,0,0,1,0,0,1,1,84.8000030517578,0,70,1,3,1,0,1,1,1,0,0,1
"824",1.92999994754791,2.48000001907349,19,0,0,0,0,1,1,0,74,0,76,1,2,0,0,1,1,1,0,0,1
"825",1.89999997615814,2.38000011444092,18,0,1,1,0,0,1,1,74.1999969482422,0,73,1,4,1,0,0,0,0,0,0,1
"826",2.32999992370605,3.20000004768372,18,0,0,1,0,1,1,1,87,0,69,1,3,1,0,1,1,1,0,0,1
"827",1.6599999666214,2.57999992370605,18,0,1,1,1,1,1,1,74,1,71,1,4,1,1,0,0,0,0,0,1
"828",2.63000011444092,2.97000002861023,20,0,1,1,1,0,0,0,74.6999969482422,0,67.5,1,3,0,0,0,0,0,0,0,1
"829",2.73000001907349,2.6800000667572,18,0,1,0,0,0,1,1,83,0,71.5,1,4,1,0,0,0,0,0,0,1
"830",1.98000001907349,2.19000005722046,18,0,1,1,1,0,0,1,80.3000030517578,1,77,1,3,1,0,0,0,0,0,0,1
"831",2,2.82999992370605,18,1,0,1,0,1,1,0,77.6999969482422,0,59,1,3,1,1,0,0,0,1,0,1
"832",2.14000010490417,2.58999991416931,18,0,0,0,0,0,1,1,82.1999969482422,1,66,1,3,1,0,0,0,1,1,1,1
"833",2.09999990463257,1.60000002384186,18,1,1,1,0,1,1,1,75.1999969482422,0,50,1,2,1,0,0,0,0,0,0,1
"834",0.540000021457672,0.300000011920929,18,0,0,1,0,1,0,1,71.6999969482422,1,50,1,4,1,1,0,0,0,1,0,1
"835",3.08999991416931,3.0699999332428,18,0,1,1,0,1,0,1,85,0,83,1,2,0,0,0,0,0,0,0,1
"836",2.80999994277954,2.72000002861023,18,0,1,1,0,1,1,1,82.6999969482422,1,82,1,3,1,0,0,0,0,0,0,1
"837",2.05999994277954,2.63000011444092,18,0,0,1,0,1,1,1,85.5999984741211,0,62,1,3,1,0,0,0,0,1,0,1
"838",3.10999989509583,2.46000003814697,18,0,1,1,0,0,1,0,83.3000030517578,1,73,1,4,1,1,0,0,0,0,0,1
"839",1.55999994277954,2.35999989509583,18,0,1,0,0,1,1,1,75.5,0,67.6666641235352,0,3,0,0,0,0,0,0,0,1
"840",2.80999994277954,2.46000003814697,18,0,1,1,0,1,0,0,83.6999969482422,0,81,1,2,1,0,0,0,0,0,0,1
"841",0.800000011920929,1.54999995231628,19,0,0,1,0,1,0,1,72,0,55.5,1,3,1,0,1,1,1,0,0,1
"842",2.01999998092651,2.33999991416931,18,0,1,0,0,1,0,0,75,1,70.5,1,3,1,1,0,0,0,0,0,1
"843",3.44000005722046,3.23000001907349,18,0,1,1,0,1,1,1,83,1,82,1,2,1,0,0,0,0,0,0,1
"844",3.6800000667572,3.41000008583069,19,1,1,1,1,1,1,0,77.3000030517578,0,75.5,1,3,1,0,0,0,0,0,0,1
"845",0.810000002384186,0.939999997615814,18,0,1,1,1,1,0,1,74.1999969482422,0,58.5,0,3,1,1,0,0,0,0,0,1
"846",3.33999991416931,3.14000010490417,18,1,1,1,0,1,0,1,78.5,1,80,1,4,1,0,0,0,0,0,0,1
"847",1.63999998569489,2.13000011444092,18,1,1,1,0,1,1,1,83,0,60.5,1,3,1,1,0,0,0,0,0,1
"848",3.25,3.1800000667572,18,0,1,1,0,1,0,1,81.5,0,77.6666641235352,1,1,1,0,0,0,0,0,0,1
"849",1.60000002384186,2.32999992370605,18,0,0,1,0,1,1,1,75.3000030517578,0,66,1,4,1,1,0,0,1,1,1,1
"850",2.36999988555908,2.53999996185303,18,0,0,1,0,1,1,1,83.5,1,67,1,3,1,0,0,0,1,1,1,1
"851",0.779999971389771,2.04999995231628,19,1,1,0,0,1,1,1,77.3000030517578,0,58,1,2,0,0,0,0,0,0,0,1
"852",1.42999994754791,1.52999997138977,19,0,1,1,1,1,0,1,74.5,0,60.3333320617676,0,2,1,0,0,0,0,0,0,1
"853",2.20000004768372,2.42000007629395,20,0,0,1,1,1,0,0,84.8000030517578,1,53,0,1,1,0,0,0,0,1,0,1
"854",2.14000010490417,2.90000009536743,19,0,1,1,1,0,1,1,85.3000030517578,1,60,0,4,1,1,0,0,0,0,0,1
"855",1.87999999523163,0,18,0,1,1,1,1,1,1,73.6999969482422,1,65,1,3,1,0,0,0,0,0,0,1
"856",2.04999995231628,1.92999994754791,18,1,1,1,0,0,0,1,80.3000030517578,0,69.5,1,2,1,0,0,0,0,0,0,1
"857",3.27999997138977,3.39000010490417,19,0,1,1,1,0,0,1,85.3000030517578,1,63.5,0,1,1,1,0,0,0,0,0,1
"858",1.96000003814697,2.59999990463257,18,0,1,0,0,1,0,1,77.3000030517578,0,68,1,1,1,1,0,0,0,0,0,1
"859",0.449999988079071,0,19,0,1,0,0,1,1,1,77.8000030517578,0,44,1,1,1,1,0,0,0,0,0,1
"860",0,0,18,1,1,1,1,1,0,1,76.5,1,6.5,0,3,1,1,0,0,0,0,0,1
"861",1.22000002861023,1.99000000953674,18,0,0,1,0,1,1,1,84.3000030517578,1,65,1,4,1,0,1,1,1,0,0,1
"862",1.94000005722046,2.73000001907349,18,0,1,1,1,0,0,1,80.3000030517578,0,63.6666679382324,1,4,1,0,0,0,0,0,0,1
"863",0.899999976158142,1.74000000953674,18,0,1,1,1,1,0,1,71.8000030517578,1,66,0,2,1,1,0,0,0,0,0,1
"864",1.87999999523163,2.54999995231628,18,0,0,1,0,0,1,1,86.6999969482422,1,64,1,4,1,0,1,1,1,0,0,1
"865",2.80999994277954,2.80999994277954,18,0,1,1,1,0,1,1,83.6999969482422,1,80,1,1,0,0,0,0,0,0,0,1
"866",3.22000002861023,3.40000009536743,18,1,1,1,1,1,0,1,83,0,78.3333358764648,1,2,1,1,0,0,0,0,0,1
"867",3.03999996185303,3,19,1,0,1,1,0,1,1,85.5,0,71.5,1,5,1,1,0,0,0,1,0,1
"868",1.14999997615814,2.03999996185303,18,1,0,1,1,0,0,1,84.3000030517578,1,65,1,1,1,1,1,1,1,0,0,1
"869",2.89000010490417,2.86999988555908,21,1,1,0,0,0,0,1,78.8000030517578,0,81.5,1,3,0,0,0,0,0,0,0,1
"870",1.42999994754791,2.46000003814697,18,0,1,0,0,1,1,1,80.3000030517578,1,64,1,3,0,0,0,0,0,0,0,1
"871",1,2.03999996185303,18,0,1,1,1,1,1,1,79.5,0,50,0,3,1,0,0,0,0,0,0,1
"872",2.29999995231628,2.21000003814697,18,0,1,1,1,0,0,1,80.6999969482422,1,67.5,1,3,1,0,0,0,0,0,0,1
"873",2.25,2.32999992370605,18,0,1,1,0,0,0,1,71.8000030517578,1,68,1,3,1,1,0,0,0,0,0,1
"874",2.16000008583069,2.33999991416931,18,0,1,1,0,1,0,1,75.5,0,70.5,1,1,0,0,0,0,0,0,0,1
"875",0.810000002384186,1.25999999046326,18,1,1,1,1,1,1,1,71.3000030517578,1,61,1,1,1,1,0,0,0,0,0,1
"876",1.10000002384186,2.52999997138977,19,0,1,1,1,1,1,1,75,1,60,1,4,1,1,0,0,0,0,0,1
"877",3.21000003814697,2.91000008583069,18,0,1,1,1,1,1,1,85.3000030517578,0,75.6666641235352,0,1,1,0,0,0,0,0,0,1
"878",1.64999997615814,1.88999998569489,18,0,0,1,0,1,0,1,77.3000030517578,0,70,1,2,1,0,1,1,1,0,0,1
"879",2.16000008583069,1.9099999666214,19,1,1,1,1,1,0,1,84,0,60,1,4,0,0,0,0,0,0,0,1
"880",0.769999980926514,2.33999991416931,18,0,1,1,1,1,0,1,79.3000030517578,1,55.5,0,3,1,1,0,0,0,0,0,1
"881",2.02999997138977,1.51999998092651,18,0,1,1,0,1,1,1,82.6999969482422,0,73,1,3,0,0,0,0,0,0,0,1
"882",0.46000000834465,2.09999990463257,19,0,1,1,1,0,1,0,71.8000030517578,0,60,1,1,1,1,0,0,0,0,0,1
"883",0.25,3.24000000953674,19,0,1,1,1,1,0,1,81.3000030517578,1,56,1,3,1,1,0,0,0,0,0,1
"884",0.800000011920929,1.42999994754791,18,0,1,1,0,1,0,1,81,0,61,1,1,1,0,0,0,0,0,0,1
"885",2.96000003814697,1.95000004768372,18,0,1,0,0,0,0,0,77.1999969482422,1,85,0,2,0,0,0,0,0,0,0,1
"886",1.62000000476837,2.0699999332428,18,0,1,1,1,1,1,0,76.5,0,43,1,2,1,0,0,0,0,0,0,1
"887",2.74000000953674,3.14000010490417,18,0,1,1,1,0,1,1,78.8000030517578,1,66,1,3,1,0,0,0,0,0,0,1
"888",1.21000003814697,2.92000007629395,18,1,1,1,1,1,1,1,83,1,67.5,1,3,1,1,0,0,0,0,0,1
"889",1.05999994277954,0.28999999165535,19,0,1,1,1,0,1,1,73.5,1,44,1,3,1,0,0,0,0,0,0,1
"890",0.740000009536743,1.20000004768372,19,0,1,1,0,0,0,0,80.4000015258789,1,53,0,4,1,0,0,0,0,0,0,1
"891",2.75,2.70000004768372,18,0,1,1,0,1,0,1,82,0,77,1,3,1,1,0,0,0,0,0,1
"892",0.939999997615814,0.730000019073486,18,0,1,1,0,1,1,1,72.5,0,60,1,2,1,0,0,0,0,0,0,1
"893",3,3.60999989509583,18,1,1,1,0,1,0,1,81.5,0,66,1,2,1,0,0,0,0,0,0,1
"894",1.29999995231628,1.16999995708466,18,0,0,1,0,1,1,1,75.3000030517578,0,67,1,3,1,0,1,1,1,0,0,1
"895",3.00999999046326,2.96000003814697,19,0,1,1,0,1,0,1,80.1999969482422,0,75.6666641235352,1,3,1,0,0,0,0,0,0,1
"896",3.07999992370605,3.30999994277954,18,0,1,1,0,1,1,1,86.3000030517578,0,80,0,3,1,0,0,0,0,0,0,1
"897",1.86000001430511,2.59999990463257,18,0,1,0,0,0,0,0,79.8000030517578,1,59,1,2,0,0,0,0,0,0,0,1
"898",0.839999973773956,1.78999996185303,18,0,0,1,1,1,0,0,78.8000030517578,1,50,1,3,1,0,1,1,1,0,0,1
"899",1.62999999523163,2.6800000667572,18,0,1,1,1,0,1,1,83.5,1,71,0,3,1,1,0,0,0,0,0,1
"900",1.54999995231628,1.25,18,0,1,1,1,1,0,1,74.6999969482422,1,67.5,1,3,0,0,0,0,0,0,0,1
"901",1.61000001430511,2.51999998092651,18,0,1,0,0,0,1,1,75,1,61.3333320617676,1,3,1,0,0,0,0,0,0,1
"902",1.61000001430511,1.96000003814697,18,0,1,1,1,1,0,1,81.3000030517578,1,68.6666641235352,1,4,1,1,0,0,0,0,0,1
"903",3.35999989509583,3.04999995231628,18,0,0,1,1,1,0,1,84.6999969482422,1,74,1,1,1,1,0,0,1,1,1,1
"904",1.13999998569489,1.11000001430511,18,0,0,1,1,1,1,1,80,1,61,1,1,1,1,1,1,1,0,0,1
"905",1.92999994754791,1.97000002861023,18,0,0,0,0,1,1,1,73.6999969482422,0,58.5,0,1,0,0,0,0,1,1,1,1
"906",3.07999992370605,2.76999998092651,18,0,0,1,1,1,1,1,82.1999969482422,1,74.5,1,5,0,0,1,0,0,0,0,1
"907",1.73000001907349,1.5,19,0,1,1,1,0,0,1,75.8000030517578,0,63,1,1,1,0,0,0,0,0,0,1
"908",2.29999995231628,3.4300000667572,17,0,1,1,1,1,1,0,81,0,77,1,1,1,1,0,0,0,0,0,1
"909",2.13000011444092,1.8400000333786,18,0,1,1,0,1,1,0,77.3000030517578,0,61,0,3,1,0,0,0,0,0,0,1
"910",2.26999998092651,2.54999995231628,18,0,1,1,0,1,1,1,73.5,1,69.5,1,4,1,0,0,0,0,0,0,1
"911",1.53999996185303,2.15000009536743,18,0,0,1,0,1,0,1,75.3000030517578,1,68,1,4,1,0,0,0,0,1,0,1
"912",1.76999998092651,2.03999996185303,19,1,1,1,0,1,1,1,75.8000030517578,0,75,1,2,1,1,0,0,0,0,0,1
"913",1.54999995231628,3.30999994277954,18,0,1,1,0,1,1,1,86.1999969482422,1,64,0,2,1,0,0,0,0,0,0,1
"914",1.26999998092651,1.6599999666214,18,0,1,1,1,0,1,1,74.5,1,55,1,4,1,1,0,0,0,0,0,1
"915",2.91000008583069,3.67000007629395,19,0,0,1,0,1,0,1,73.1999969482422,1,73.75,1,4,1,0,1,1,1,0,0,1
"916",3.41000008583069,3,18,1,0,0,0,1,1,1,83,0,86,1,2,1,0,0,0,1,1,1,1
"917",1.16999995708466,1.82000005245209,18,0,1,1,0,1,1,1,80.3000030517578,0,66.5,1,4,1,0,0,0,0,0,0,1
"918",1.11000001430511,0.490000009536743,18,1,1,1,1,1,0,0,80.3000030517578,0,67,1,3,1,0,0,0,0,0,0,1
"919",1.23000001907349,1.73000001907349,18,0,0,1,0,0,0,0,74.1999969482422,0,62,1,4,1,0,1,1,1,0,0,1
"920",2.4300000667572,2.83999991416931,19,0,0,1,1,0,0,1,81,1,72.75,1,3,1,1,0,0,0,1,0,1
"921",2.6800000667572,2.73000001907349,18,1,1,0,0,1,1,1,81,0,84,1,5,0,0,0,0,0,0,0,1
"922",0.100000001490116,0,18,0,0,1,0,1,0,1,72.8000030517578,1,50,1,4,1,0,0,0,0,1,0,1
"923",3.24000000953674,2.86999988555908,19,0,1,1,1,0,1,1,76.1999969482422,1,83.6666641235352,1,2,1,1,0,0,0,0,0,1
"924",2.74000000953674,3.23000001907349,18,0,1,1,1,1,0,1,75,0,77,1,2,1,0,0,0,0,0,0,1
"925",2.4300000667572,2.39000010490417,18,0,0,0,0,0,1,1,85,1,56,1,4,0,0,0,0,0,1,0,1
"926",1.5900000333786,2.1800000667572,18,1,0,1,1,0,1,1,74.5,1,66,1,2,1,1,0,0,1,1,1,1
"927",1.08000004291534,1.98000001907349,18,0,1,1,1,1,1,1,76.8000030517578,1,59.5,1,3,0,0,0,0,0,0,0,1
"928",2.30999994277954,2.61999988555908,18,0,1,1,1,1,1,1,74,0,69.3333358764648,1,1,1,1,0,0,0,0,0,1
"929",1.88999998569489,1.77999997138977,19,0,0,1,0,1,1,1,71.6999969482422,1,74,0,3,0,0,0,0,1,1,1,1
"930",0.600000023841858,1.33000004291534,18,1,1,0,0,1,1,1,73.5,1,54,1,3,1,1,0,0,0,0,0,1
"931",1.20000004768372,0,18,0,0,1,1,1,1,1,82.6999969482422,0,57.3333320617676,0,3,1,0,1,1,1,0,0,1
"932",2.82999992370605,3,19,0,1,1,1,1,1,1,84.1999969482422,1,69.5,0,3,1,1,0,0,0,0,0,1
"933",0.75,1.28999996185303,18,0,1,1,0,1,1,1,73,1,64,1,3,1,0,0,0,0,0,0,1
"934",1.88999998569489,3.69000005722046,19,1,0,1,1,1,0,1,84.3000030517578,0,67,1,1,1,0,1,1,1,0,0,1
"935",1.58000004291534,0,18,0,1,1,0,0,1,1,80.3000030517578,1,57,1,4,1,0,0,0,0,0,0,1
"936",3.08999991416931,3.38000011444092,19,0,0,1,1,1,1,1,78.8000030517578,1,68.5,1,2,1,0,0,0,1,1,1,1
"937",0.740000009536743,1.74000000953674,18,0,1,1,1,1,1,1,76.5,1,53,0,4,1,1,0,0,0,0,0,1
"938",2.78999996185303,3.57999992370605,19,0,1,1,0,1,0,0,80.8000030517578,0,82,0,2,1,0,0,0,0,0,0,1
"939",1.55999994277954,2.58999991416931,19,1,1,1,1,1,1,1,78.1999969482422,0,61.5,1,3,1,1,0,0,0,0,0,1
"940",1.62000000476837,0.800000011920929,18,0,0,1,0,1,1,1,76,1,31,1,2,1,1,0,0,1,1,1,1
"941",3.64000010490417,2.61999988555908,18,0,1,0,0,1,0,1,77.3000030517578,0,83,1,3,0,0,0,0,0,0,0,1
"942",1.62999999523163,1.12999999523163,19,0,1,1,1,0,0,0,76.3000030517578,1,78,1,1,1,1,0,0,0,0,0,1
"943",3.13000011444092,2.67000007629395,18,1,1,1,0,0,1,1,86,1,75.5,1,4,1,1,0,0,0,0,0,1
"944",1.24000000953674,0.860000014305115,19,1,1,1,1,1,1,1,82,1,63,0,3,1,1,0,0,0,0,0,1
"945",3.46000003814697,3.25,18,0,1,1,1,0,0,1,86.3000030517578,1,76,1,4,1,1,0,0,0,0,0,1
"946",1.0900000333786,1.9099999666214,19,0,1,1,1,0,1,1,78.6999969482422,1,71,1,3,1,1,0,0,0,0,0,1
"947",1.92999994754791,2.08999991416931,18,1,1,1,0,1,0,1,77.8000030517578,0,65,1,1,1,0,0,0,0,0,0,1
"948",2.3199999332428,0.600000023841858,18,1,1,1,1,1,0,1,84.6999969482422,0,73,1,4,1,1,0,0,0,0,0,1
"949",0.28999999165535,0.140000000596046,18,0,0,0,0,1,0,1,75.8000030517578,1,42,1,1,1,1,0,0,1,1,1,1
"950",1.20000004768372,0.200000002980232,18,0,1,1,0,0,1,1,74.8000030517578,0,52.5,0,3,1,0,0,0,0,0,0,1
"951",2.29999995231628,1.08000004291534,18,0,1,1,0,1,0,1,76.3000030517578,1,64.3333358764648,1,3,1,1,0,0,0,0,0,1
"952",1.58000004291534,0.930000007152557,18,0,0,1,0,1,1,1,83.5,1,67,1,4,1,1,0,0,1,1,1,1
"953",2.55999994277954,1.24000000953674,18,0,0,1,0,1,1,1,81.8000030517578,1,78.5,1,3,1,0,0,0,1,1,1,1
"954",1.77999997138977,0.620000004768372,18,0,0,1,1,0,0,1,74.1999969482422,1,62.5,1,2,1,0,1,1,1,0,0,1
"955",2.01999998092651,0.839999973773956,19,0,1,1,0,1,0,1,76.5,1,71,0,1,1,0,0,0,0,0,0,1
"956",1.62999999523163,2.55999994277954,18,0,0,1,1,0,1,0,82.8000030517578,1,63,1,3,0,0,1,1,1,0,0,1
"957",1.03999996185303,1.17999994754791,19,0,1,0,0,0,1,0,74.6999969482422,0,56,0,2,0,0,0,0,0,0,0,1
"958",1.21000003814697,2.5699999332428,19,0,1,1,0,1,1,1,73.1999969482422,1,63,0,3,1,1,0,0,0,0,0,1
"959",1.63999998569489,2.6800000667572,18,0,1,1,0,0,1,1,82,1,68,0,3,1,0,0,0,0,0,0,1
"960",3.11999988555908,1.61000001430511,19,0,1,1,1,0,1,1,85.3000030517578,1,70,1,1,1,1,0,0,0,0,0,1
"961",1.87999999523163,2.09999990463257,18,0,1,1,0,1,0,1,80.8000030517578,1,66,1,3,1,0,0,0,0,0,0,1
"962",1.94000005722046,1.9099999666214,19,1,0,1,0,1,0,0,79.8000030517578,0,71.6666641235352,1,2,1,0,0,0,1,1,1,1
"963",2.44000005722046,1.87000000476837,19,0,1,1,1,0,0,0,75.8000030517578,0,60,0,1,1,0,0,0,0,0,0,1
"964",2.07999992370605,2.63000011444092,18,0,1,1,1,1,0,1,80.8000030517578,1,61,1,3,1,1,0,0,0,0,0,1
"965",2.0699999332428,2.00999999046326,18,0,0,1,0,1,0,0,80.1999969482422,0,80,1,1,1,0,1,1,1,0,0,1
"966",1.53999996185303,2.00999999046326,18,1,0,1,1,1,1,1,80.5,0,58.3333320617676,1,3,1,0,1,1,1,0,0,1
"967",3.73000001907349,3.46000003814697,18,0,1,1,1,0,1,1,80.8000030517578,0,82.5,1,2,1,1,0,0,0,0,0,1
"968",2.05999994277954,1.87000000476837,18,0,1,1,1,1,1,1,84.6999969482422,0,73,1,3,1,0,0,0,0,0,0,1
"969",3.6800000667572,3.83999991416931,18,0,1,1,1,1,0,1,82.3000030517578,1,81,1,3,1,1,0,0,0,0,0,1
"970",0.790000021457672,1.26999998092651,18,1,1,1,1,1,0,1,72.1999969482422,0,61.5,0,2,1,1,0,0,0,0,0,1
"971",2.6800000667572,2.23000001907349,18,0,1,1,0,1,0,1,84.6999969482422,1,67,1,4,1,0,0,0,0,0,0,1
"972",3.25,3.11999988555908,18,0,1,1,1,0,1,1,79.1999969482422,0,75.5,1,3,1,1,0,0,0,0,0,1
"973",3.75,2.5,18,1,1,1,1,1,0,1,81.8000030517578,1,78,1,3,1,1,0,0,0,0,0,1
"974",0.439999997615814,0.569999992847443,18,0,1,1,0,1,1,1,75.6999969482422,1,63,1,2,0,0,0,0,0,0,0,1
"975",1.13999998569489,2.51999998092651,18,0,1,1,1,0,0,1,72.8000030517578,0,68,1,2,1,0,0,0,0,0,0,1
"976",1.02999997138977,1.95000004768372,18,1,1,1,1,1,0,1,73,0,59,1,3,1,1,0,0,0,0,0,1
"977",1,1.5,18,0,1,1,0,1,1,1,78.3000030517578,0,56,1,2,1,0,0,0,0,0,0,1
"978",2.44000005722046,2.52999997138977,18,0,1,1,0,1,0,0,81.5,1,71.6666641235352,1,4,1,0,0,0,0,0,0,1
"979",1.91999995708466,2.84999990463257,18,0,1,1,0,1,1,1,81.1999969482422,1,65.6666641235352,1,3,1,0,0,0,0,0,0,1
"980",1.0900000333786,1.83000004291534,18,0,1,1,1,0,1,1,77.8000030517578,0,73,1,3,1,1,0,0,0,0,0,1
"981",1.29999995231628,3.17000007629395,18,0,1,1,1,0,1,1,76.3000030517578,1,43,1,2,1,1,0,0,0,0,0,1
"982",0.46000000834465,1.14999997615814,18,1,0,0,0,1,1,1,76.6999969482422,1,48.5,1,3,1,0,1,1,1,0,0,1
"983",0.600000023841858,0.340000003576279,18,0,1,1,0,1,1,0,75.1999969482422,0,53,1,5,1,0,0,0,0,0,0,1
"984",3.35999989509583,1.97000002861023,18,0,0,1,1,1,0,1,83,1,90,1,3,1,1,1,1,1,0,0,1
"985",0.25,2.09999990463257,18,0,1,1,0,1,1,1,81.6999969482422,0,59,1,4,1,0,0,0,0,0,0,1
"986",0,0,19,1,1,0,0,1,1,1,71.5,1,30.6666660308838,1,3,1,0,0,0,0,0,0,1
"987",3.03999996185303,2.73000001907349,18,0,1,1,0,1,0,0,79.1999969482422,0,77,1,3,1,0,0,0,0,0,0,1
"988",2.05999994277954,0.720000028610229,18,0,1,1,1,0,1,1,73.6999969482422,1,61,1,1,1,1,0,0,0,0,0,1
"989",1.62000000476837,1.89999997615814,18,0,1,1,1,0,1,1,76.5,0,50,1,2,1,1,0,0,0,0,0,1
"990",2.44000005722046,2.1800000667572,18,0,0,1,1,1,0,1,79.3000030517578,1,64,0,2,1,1,0,0,1,1,1,1
"991",2.00999999046326,1.04999995231628,18,0,1,1,1,1,0,1,79.6999969482422,1,71.5,1,3,0,0,0,0,0,0,0,1
"992",2.14000010490417,2.70000004768372,18,1,1,0,0,1,0,0,74.5,0,72,1,2,1,0,0,0,0,0,0,1
"993",3.03999996185303,3.10999989509583,18,0,0,1,1,1,0,1,80.5,1,72,1,3,1,0,1,1,1,0,0,1
"994",2.45000004768372,2.29999995231628,18,0,1,1,0,1,1,1,82.3000030517578,1,69,0,3,1,0,0,0,0,0,0,1
"995",1.1599999666214,2.39000010490417,19,0,1,1,1,0,1,1,79.5,1,62,0,2,1,1,0,0,0,0,0,1
"996",1.62999999523163,2.5,19,0,1,1,0,1,0,1,83,0,61,1,1,1,0,0,0,0,0,0,1
"997",1.6599999666214,2.55999994277954,18,0,1,1,0,1,1,1,77.8000030517578,0,61,1,4,1,0,0,0,0,0,0,1
"998",1.07000005245209,2.33999991416931,18,0,1,1,1,0,0,1,73.8000030517578,0,68,0,1,1,0,0,0,0,0,0,1
"999",1.71000003814697,1.55999994277954,18,1,1,1,0,1,1,1,80.3000030517578,1,58,1,4,1,0,0,0,0,0,0,1
"1000",2.04999995231628,3.1800000667572,19,0,1,1,1,0,0,0,83.1999969482422,1,64,1,4,0,0,0,0,0,0,0,1
"1001",1.03999996185303,2.70000004768372,18,0,1,0,0,0,1,1,77.5,1,51,1,3,1,1,0,0,0,0,0,1
"1002",1.89999997615814,2.73000001907349,18,0,1,1,1,1,0,0,85.1999969482422,1,66,1,4,1,1,0,0,0,0,0,1
"1003",2.53999996185303,3.22000002861023,18,0,0,1,0,0,1,0,82.6999969482422,1,66,1,3,1,0,0,0,0,1,0,1
"1004",1.38999998569489,1.75,18,1,1,1,0,1,1,1,74.6999969482422,1,74,1,4,1,0,0,0,0,0,0,1
"1005",2.46000003814697,2.53999996185303,18,1,1,1,1,1,0,1,74.8000030517578,0,71,1,3,1,1,0,0,0,0,0,1
"1006",3.36999988555908,3.44000005722046,18,1,1,1,1,1,1,1,85,1,74,1,3,1,1,0,0,0,0,0,1
